-- phpMyAdmin SQL Dump
-- version 5.2.0
-- https://www.phpmyadmin.net/
--
-- Host: localhost:3306
-- Generation Time: Jan 24, 2025 at 07:52 AM
-- Server version: 8.0.30
-- PHP Version: 8.1.10

SET SQL_MODE = "NO_AUTO_VALUE_ON_ZERO";
START TRANSACTION;
SET time_zone = "+00:00";


/*!40101 SET @OLD_CHARACTER_SET_CLIENT=@@CHARACTER_SET_CLIENT */;
/*!40101 SET @OLD_CHARACTER_SET_RESULTS=@@CHARACTER_SET_RESULTS */;
/*!40101 SET @OLD_COLLATION_CONNECTION=@@COLLATION_CONNECTION */;
/*!40101 SET NAMES utf8mb4 */;

--
-- Database: `kelurahan_terbaik`
--

-- --------------------------------------------------------

--
-- Table structure for table `administrasi`
--

CREATE TABLE `administrasi` (
  `id_administrasi` int NOT NULL,
  `id_kelurahan` varchar(50) NOT NULL,
  `id_periode` int NOT NULL,
  `id_nilai_sub_indikator` int NOT NULL,
  `tak_bernilai` varchar(1) CHARACTER SET utf8mb4 COLLATE utf8mb4_0900_ai_ci NOT NULL DEFAULT '0'
) ENGINE=InnoDB DEFAULT CHARSET=utf8mb4 COLLATE=utf8mb4_0900_ai_ci;

--
-- Dumping data for table `administrasi`
--

INSERT INTO `administrasi` (`id_administrasi`, `id_kelurahan`, `id_periode`, `id_nilai_sub_indikator`, `tak_bernilai`) VALUES
(1491, 'a', 4, 4, '0'),
(1492, 'a', 4, 5, '0'),
(1493, 'a', 4, 8, '0'),
(1494, 'a', 4, 10, '0'),
(1495, 'a', 4, 12, '0'),
(1496, 'a', 4, 14, '0'),
(1497, 'a', 4, 16, '0'),
(1498, 'a', 4, 18, '0'),
(1499, 'a', 4, 20, '0'),
(1500, 'a', 4, 22, '0'),
(1501, 'a', 4, 24, '0'),
(1502, 'a', 4, 27, '0'),
(1503, 'a', 4, 29, '0'),
(1504, 'a', 4, 31, '0'),
(1505, 'a', 4, 33, '0'),
(1506, 'a', 4, 35, '0'),
(1507, 'a', 4, 37, '0'),
(1508, 'a', 4, 39, '0'),
(1509, 'a', 4, 41, '0'),
(1510, 'a', 4, 43, '0'),
(1511, 'a', 4, 45, '0'),
(1512, 'a', 4, 47, '0'),
(1513, 'a', 4, 49, '0'),
(1514, 'a', 4, 51, '0'),
(1515, 'a', 4, 53, '0'),
(1516, 'a', 4, 55, '0'),
(1517, 'a', 4, 57, '0'),
(1518, 'a', 4, 59, '0'),
(1519, 'a', 4, 61, '0'),
(1520, 'a', 4, 63, '0'),
(1521, 'a', 4, 65, '0'),
(1522, 'a', 4, 67, '0'),
(1523, 'a', 4, 69, '0'),
(1524, 'a', 4, 71, '0'),
(1525, 'a', 4, 73, '0'),
(1526, 'a', 4, 75, '0'),
(1527, 'a', 4, 77, '0'),
(1528, 'a', 4, 79, '0'),
(1529, 'a', 4, 81, '0'),
(1530, 'a', 4, 83, '0'),
(1531, 'a', 4, 85, '0'),
(1532, 'a', 4, 87, '0'),
(1533, 'a', 4, 89, '0'),
(1534, 'a', 4, 91, '0'),
(1535, 'a', 4, 93, '0'),
(1536, 'a', 4, 95, '0'),
(1537, 'a', 4, 97, '0'),
(1538, 'a', 4, 99, '0'),
(1539, 'a', 4, 101, '0'),
(1540, 'a', 4, 103, '0'),
(1541, 'a', 4, 105, '0'),
(1542, 'a', 4, 107, '0'),
(1543, 'a', 4, 109, '0'),
(1544, 'a', 4, 111, '0'),
(1545, 'a', 4, 113, '0'),
(1546, 'a', 4, 115, '0'),
(1547, 'a', 4, 117, '0'),
(1548, 'a', 4, 119, '0'),
(1549, 'a', 4, 121, '0'),
(1550, 'a', 4, 123, '0'),
(1551, 'a', 4, 125, '0'),
(1552, 'a', 4, 127, '0'),
(1553, 'a', 4, 129, '0'),
(1554, 'a', 4, 131, '0'),
(1555, 'a', 4, 133, '0'),
(1556, 'a', 4, 135, '0'),
(1557, 'a', 4, 137, '0'),
(1558, 'a', 4, 139, '0'),
(1559, 'a', 4, 141, '0'),
(1560, 'a', 4, 143, '0'),
(1561, 'a', 4, 145, '0'),
(1562, 'a', 4, 147, '0'),
(1563, 'a', 4, 149, '0'),
(1564, 'a', 4, 151, '0'),
(1565, 'a', 4, 153, '0'),
(1566, 'a', 4, 155, '0'),
(1567, 'a', 4, 157, '0'),
(1568, 'a', 4, 159, '0'),
(1569, 'a', 4, 161, '0'),
(1570, 'a', 4, 163, '0'),
(1571, 'a', 4, 165, '0'),
(1572, 'a', 4, 167, '0'),
(1573, 'a', 4, 169, '0'),
(1574, 'a', 4, 171, '0'),
(1575, 'a', 4, 173, '0'),
(1576, 'a', 4, 175, '0'),
(1577, 'a', 4, 177, '0'),
(1578, 'a', 4, 179, '0'),
(1579, 'a', 4, 181, '0'),
(1580, 'a', 4, 183, '0'),
(1581, 'a', 4, 185, '0'),
(1582, 'a', 4, 187, '0'),
(1583, 'a', 4, 189, '0'),
(1584, 'a', 4, 191, '0'),
(1585, 'a', 4, 193, '0'),
(1586, 'a', 4, 195, '0'),
(1587, 'a', 4, 197, '0'),
(1588, 'a', 4, 199, '0'),
(1589, 'a', 4, 201, '0'),
(1590, 'a', 4, 203, '0'),
(1591, 'a', 4, 205, '0'),
(1592, 'a', 4, 207, '0'),
(1593, 'a', 4, 209, '0'),
(1594, 'a', 4, 211, '0'),
(1595, 'a', 4, 213, '0'),
(1596, 'a', 4, 219, '0'),
(1597, 'a', 4, 221, '0'),
(1598, 'a', 4, 223, '0'),
(1599, 'a', 4, 225, '0'),
(1600, 'a', 4, 227, '0'),
(1601, 'a', 4, 229, '0'),
(1602, 'a', 4, 231, '0'),
(1603, 'a', 4, 233, '0'),
(1604, 'a', 4, 235, '0'),
(1605, 'a', 4, 237, '0'),
(1606, 'a', 4, 239, '0'),
(1607, 'a', 4, 241, '0'),
(1608, 'a', 4, 243, '0'),
(1609, 'a', 4, 245, '0'),
(1610, 'a', 4, 247, '0'),
(1611, 'a', 4, 249, '0'),
(1612, 'a', 4, 251, '0'),
(1613, 'a', 4, 253, '0'),
(1614, 'a', 4, 255, '0'),
(1615, 'a', 4, 257, '0'),
(1616, 'a', 4, 259, '0'),
(1617, 'a', 4, 261, '0'),
(1618, 'a', 4, 263, '0'),
(1619, 'a', 4, 265, '0'),
(1620, 'a', 4, 267, '0'),
(1621, 'a', 4, 269, '0'),
(1622, 'a', 4, 271, '0'),
(1623, 'a', 4, 273, '0'),
(1624, 'a', 4, 275, '0'),
(1625, 'a', 4, 277, '0'),
(1626, 'a', 4, 279, '0'),
(1627, 'a', 4, 281, '0'),
(1628, 'a', 4, 283, '0'),
(1629, 'a', 4, 285, '0'),
(1630, 'a', 4, 287, '0'),
(1631, 'a', 4, 289, '0'),
(1632, 'a', 4, 291, '0'),
(1633, 'a', 4, 293, '0'),
(1634, 'a', 4, 295, '0'),
(1635, 'a', 4, 297, '0'),
(1636, 'a', 4, 299, '0'),
(1637, 'a', 4, 301, '0'),
(1638, 'a', 4, 303, '0'),
(1639, 'a', 4, 305, '0'),
(1640, 'a', 4, 307, '0'),
(1641, 'a', 4, 309, '0'),
(1642, 'a', 4, 311, '0'),
(1643, 'a', 4, 313, '0'),
(1644, 'a', 4, 315, '0'),
(1645, 'a', 4, 317, '0'),
(1646, 'a', 4, 319, '0'),
(1647, 'a', 4, 321, '0'),
(1648, 'a', 4, 323, '0'),
(1649, 'a', 4, 325, '0'),
(1650, 'a', 4, 327, '0'),
(1651, 'a', 4, 329, '0'),
(1652, 'a', 4, 331, '0'),
(1653, 'a', 4, 334, '0'),
(1654, 'a', 4, 337, '0'),
(1655, 'a', 4, 340, '0'),
(1656, 'a', 4, 343, '0'),
(1657, 'a', 4, 346, '0'),
(1658, 'a', 4, 348, '0'),
(1659, 'a', 4, 350, '0'),
(1660, 'a', 4, 352, '0'),
(1661, 'a', 4, 372, '1'),
(1662, 'a', 4, 354, '0'),
(1663, 'a', 4, 356, '0'),
(1664, 'a', 4, 358, '0'),
(1665, 'a', 4, 360, '0'),
(1666, 'a', 4, 362, '0'),
(1667, 'a', 4, 364, '0'),
(1668, 'a', 4, 366, '0'),
(1669, 'a', 4, 370, '0'),
(2744, 'e', 7, 4, '0'),
(2745, 'e', 7, 7, '0'),
(2746, 'e', 7, 9, '0'),
(2747, 'e', 7, 10, '0'),
(2748, 'e', 7, 13, '0'),
(2749, 'e', 7, 15, '0'),
(2750, 'e', 7, 17, '0'),
(2751, 'e', 7, 19, '0'),
(2752, 'e', 7, 21, '0'),
(2753, 'e', 7, 23, '0'),
(2754, 'e', 7, 26, '0'),
(2755, 'e', 7, 28, '0'),
(2756, 'e', 7, 30, '0'),
(2757, 'e', 7, 32, '0'),
(2758, 'e', 7, 34, '0'),
(2759, 'e', 7, 36, '0'),
(2760, 'e', 7, 38, '0'),
(2761, 'e', 7, 40, '0'),
(2762, 'e', 7, 42, '0'),
(2763, 'e', 7, 44, '0'),
(2764, 'e', 7, 46, '0'),
(2765, 'e', 7, 48, '0'),
(2766, 'e', 7, 50, '0'),
(2767, 'e', 7, 52, '0'),
(2768, 'e', 7, 54, '0'),
(2769, 'e', 7, 56, '0'),
(2770, 'e', 7, 58, '0'),
(2771, 'e', 7, 60, '0'),
(2772, 'e', 7, 62, '0'),
(2773, 'e', 7, 64, '0'),
(2774, 'e', 7, 66, '0'),
(2775, 'e', 7, 68, '0'),
(2776, 'e', 7, 70, '0'),
(2777, 'e', 7, 72, '0'),
(2778, 'e', 7, 74, '0'),
(2779, 'e', 7, 76, '0'),
(2780, 'e', 7, 78, '0'),
(2781, 'e', 7, 80, '0'),
(2782, 'e', 7, 82, '0'),
(2783, 'e', 7, 84, '0'),
(2784, 'e', 7, 86, '0'),
(2785, 'e', 7, 88, '0'),
(2786, 'e', 7, 90, '0'),
(2787, 'e', 7, 92, '0'),
(2788, 'e', 7, 94, '0'),
(2789, 'e', 7, 96, '0'),
(2790, 'e', 7, 98, '0'),
(2791, 'e', 7, 100, '0'),
(2792, 'e', 7, 102, '0'),
(2793, 'e', 7, 104, '0'),
(2794, 'e', 7, 106, '0'),
(2795, 'e', 7, 108, '0'),
(2796, 'e', 7, 110, '0'),
(2797, 'e', 7, 112, '0'),
(2798, 'e', 7, 114, '0'),
(2799, 'e', 7, 116, '0'),
(2800, 'e', 7, 118, '0'),
(2801, 'e', 7, 120, '0'),
(2802, 'e', 7, 122, '0'),
(2803, 'e', 7, 124, '0'),
(2804, 'e', 7, 126, '0'),
(2805, 'e', 7, 128, '0'),
(2806, 'e', 7, 130, '0'),
(2807, 'e', 7, 132, '0'),
(2808, 'e', 7, 134, '0'),
(2809, 'e', 7, 136, '0'),
(2810, 'e', 7, 138, '0'),
(2811, 'e', 7, 140, '0'),
(2812, 'e', 7, 142, '0'),
(2813, 'e', 7, 144, '0'),
(2814, 'e', 7, 146, '0'),
(2815, 'e', 7, 148, '0'),
(2816, 'e', 7, 150, '0'),
(2817, 'e', 7, 152, '0'),
(2818, 'e', 7, 154, '0'),
(2819, 'e', 7, 156, '0'),
(2820, 'e', 7, 158, '0'),
(2821, 'e', 7, 160, '0'),
(2822, 'e', 7, 162, '0'),
(2823, 'e', 7, 164, '0'),
(2824, 'e', 7, 166, '0'),
(2825, 'e', 7, 168, '0'),
(2826, 'e', 7, 170, '0'),
(2827, 'e', 7, 172, '0'),
(2828, 'e', 7, 174, '0'),
(2829, 'e', 7, 176, '0'),
(2830, 'e', 7, 178, '0'),
(2831, 'e', 7, 180, '0'),
(2832, 'e', 7, 182, '0'),
(2833, 'e', 7, 184, '0'),
(2834, 'e', 7, 186, '0'),
(2835, 'e', 7, 188, '0'),
(2836, 'e', 7, 190, '0'),
(2837, 'e', 7, 192, '0'),
(2838, 'e', 7, 194, '0'),
(2839, 'e', 7, 196, '0'),
(2840, 'e', 7, 198, '0'),
(2841, 'e', 7, 200, '0'),
(2842, 'e', 7, 202, '0'),
(2843, 'e', 7, 204, '0'),
(2844, 'e', 7, 206, '0'),
(2845, 'e', 7, 208, '0'),
(2846, 'e', 7, 210, '0'),
(2847, 'e', 7, 212, '0'),
(2848, 'e', 7, 214, '0'),
(2849, 'e', 7, 220, '0'),
(2850, 'e', 7, 222, '0'),
(2851, 'e', 7, 224, '0'),
(2852, 'e', 7, 226, '0'),
(2853, 'e', 7, 228, '0'),
(2854, 'e', 7, 230, '0'),
(2855, 'e', 7, 232, '0'),
(2856, 'e', 7, 234, '0'),
(2857, 'e', 7, 236, '0'),
(2858, 'e', 7, 238, '0'),
(2859, 'e', 7, 240, '0'),
(2860, 'e', 7, 242, '0'),
(2861, 'e', 7, 244, '0'),
(2862, 'e', 7, 246, '0'),
(2863, 'e', 7, 248, '0'),
(2864, 'e', 7, 250, '0'),
(2865, 'e', 7, 252, '0'),
(2866, 'e', 7, 254, '0'),
(2867, 'e', 7, 256, '0'),
(2868, 'e', 7, 258, '0'),
(2869, 'e', 7, 260, '0'),
(2870, 'e', 7, 262, '0'),
(2871, 'e', 7, 264, '0'),
(2872, 'e', 7, 266, '0'),
(2873, 'e', 7, 268, '0'),
(2874, 'e', 7, 270, '0'),
(2875, 'e', 7, 272, '0'),
(2876, 'e', 7, 274, '0'),
(2877, 'e', 7, 276, '0'),
(2878, 'e', 7, 278, '0'),
(2879, 'e', 7, 280, '0'),
(2880, 'e', 7, 282, '0'),
(2881, 'e', 7, 284, '0'),
(2882, 'e', 7, 286, '0'),
(2883, 'e', 7, 288, '0'),
(2884, 'e', 7, 290, '0'),
(2885, 'e', 7, 292, '0'),
(2886, 'e', 7, 294, '0'),
(2887, 'e', 7, 296, '0'),
(2888, 'e', 7, 298, '0'),
(2889, 'e', 7, 300, '0'),
(2890, 'e', 7, 302, '0'),
(2891, 'e', 7, 304, '0'),
(2892, 'e', 7, 306, '0'),
(2893, 'e', 7, 308, '0'),
(2894, 'e', 7, 310, '0'),
(2895, 'e', 7, 312, '0'),
(2896, 'e', 7, 314, '0'),
(2897, 'e', 7, 316, '0'),
(2898, 'e', 7, 318, '0'),
(2899, 'e', 7, 320, '0'),
(2900, 'e', 7, 322, '0'),
(2901, 'e', 7, 324, '0'),
(2902, 'e', 7, 326, '0'),
(2903, 'e', 7, 328, '0'),
(2904, 'e', 7, 330, '0'),
(2905, 'e', 7, 333, '0'),
(2906, 'e', 7, 336, '0'),
(2907, 'e', 7, 339, '0'),
(2908, 'e', 7, 342, '0'),
(2909, 'e', 7, 345, '0'),
(2910, 'e', 7, 347, '0'),
(2911, 'e', 7, 349, '0'),
(2912, 'e', 7, 351, '0'),
(2913, 'e', 7, 353, '0'),
(2914, 'e', 7, 374, '1'),
(2915, 'e', 7, 355, '0'),
(2916, 'e', 7, 357, '0'),
(2917, 'e', 7, 359, '0'),
(2918, 'e', 7, 361, '0'),
(2919, 'e', 7, 363, '0'),
(2920, 'e', 7, 365, '0'),
(2921, 'e', 7, 367, '0'),
(2922, 'e', 7, 371, '0'),
(3102, 'a', 3, 1, '0'),
(3103, 'a', 3, 5, '0'),
(3104, 'a', 3, 8, '0'),
(3105, 'a', 3, 10, '0'),
(3106, 'a', 3, 12, '0'),
(3107, 'a', 3, 14, '0'),
(3108, 'a', 3, 16, '0'),
(3109, 'a', 3, 18, '0'),
(3110, 'a', 3, 20, '0'),
(3111, 'a', 3, 22, '0'),
(3112, 'a', 3, 24, '0'),
(3113, 'a', 3, 27, '0'),
(3114, 'a', 3, 29, '0'),
(3115, 'a', 3, 31, '0'),
(3116, 'a', 3, 33, '0'),
(3117, 'a', 3, 35, '0'),
(3118, 'a', 3, 37, '0'),
(3119, 'a', 3, 39, '0'),
(3120, 'a', 3, 41, '0'),
(3121, 'a', 3, 43, '0'),
(3122, 'a', 3, 45, '0'),
(3123, 'a', 3, 47, '0'),
(3124, 'a', 3, 49, '0'),
(3125, 'a', 3, 51, '0'),
(3126, 'a', 3, 53, '0'),
(3127, 'a', 3, 55, '0'),
(3128, 'a', 3, 57, '0'),
(3129, 'a', 3, 59, '0'),
(3130, 'a', 3, 61, '0'),
(3131, 'a', 3, 63, '0'),
(3132, 'a', 3, 65, '0'),
(3133, 'a', 3, 67, '0'),
(3134, 'a', 3, 69, '0'),
(3135, 'a', 3, 71, '0'),
(3136, 'a', 3, 73, '0'),
(3137, 'a', 3, 75, '0'),
(3138, 'a', 3, 77, '0'),
(3139, 'a', 3, 79, '0'),
(3140, 'a', 3, 81, '0'),
(3141, 'a', 3, 83, '0'),
(3142, 'a', 3, 85, '0'),
(3143, 'a', 3, 87, '0'),
(3144, 'a', 3, 89, '0'),
(3145, 'a', 3, 91, '0'),
(3146, 'a', 3, 93, '0'),
(3147, 'a', 3, 95, '0'),
(3148, 'a', 3, 97, '0'),
(3149, 'a', 3, 99, '0'),
(3150, 'a', 3, 101, '0'),
(3151, 'a', 3, 103, '0'),
(3152, 'a', 3, 105, '0'),
(3153, 'a', 3, 107, '0'),
(3154, 'a', 3, 109, '0'),
(3155, 'a', 3, 111, '0'),
(3156, 'a', 3, 113, '0'),
(3157, 'a', 3, 115, '0'),
(3158, 'a', 3, 117, '0'),
(3159, 'a', 3, 119, '0'),
(3160, 'a', 3, 121, '0'),
(3161, 'a', 3, 123, '0'),
(3162, 'a', 3, 125, '0'),
(3163, 'a', 3, 127, '0'),
(3164, 'a', 3, 129, '0'),
(3165, 'a', 3, 131, '0'),
(3166, 'a', 3, 133, '0'),
(3167, 'a', 3, 135, '0'),
(3168, 'a', 3, 137, '0'),
(3169, 'a', 3, 139, '0'),
(3170, 'a', 3, 141, '0'),
(3171, 'a', 3, 143, '0'),
(3172, 'a', 3, 145, '0'),
(3173, 'a', 3, 147, '0'),
(3174, 'a', 3, 149, '0'),
(3175, 'a', 3, 151, '0'),
(3176, 'a', 3, 153, '0'),
(3177, 'a', 3, 155, '0'),
(3178, 'a', 3, 157, '0'),
(3179, 'a', 3, 159, '0'),
(3180, 'a', 3, 161, '0'),
(3181, 'a', 3, 163, '0'),
(3182, 'a', 3, 165, '0'),
(3183, 'a', 3, 167, '0'),
(3184, 'a', 3, 169, '0'),
(3185, 'a', 3, 171, '0'),
(3186, 'a', 3, 173, '0'),
(3187, 'a', 3, 175, '0'),
(3188, 'a', 3, 177, '0'),
(3189, 'a', 3, 179, '0'),
(3190, 'a', 3, 181, '0'),
(3191, 'a', 3, 183, '0'),
(3192, 'a', 3, 185, '0'),
(3193, 'a', 3, 187, '0'),
(3194, 'a', 3, 189, '0'),
(3195, 'a', 3, 191, '0'),
(3196, 'a', 3, 193, '0'),
(3197, 'a', 3, 195, '0'),
(3198, 'a', 3, 197, '0'),
(3199, 'a', 3, 199, '0'),
(3200, 'a', 3, 201, '0'),
(3201, 'a', 3, 203, '0'),
(3202, 'a', 3, 205, '0'),
(3203, 'a', 3, 207, '0'),
(3204, 'a', 3, 210, '0'),
(3205, 'a', 3, 212, '0'),
(3206, 'a', 3, 214, '0'),
(3207, 'a', 3, 219, '0'),
(3208, 'a', 3, 221, '0'),
(3209, 'a', 3, 223, '0'),
(3210, 'a', 3, 225, '0'),
(3211, 'a', 3, 227, '0'),
(3212, 'a', 3, 229, '0'),
(3213, 'a', 3, 231, '0'),
(3214, 'a', 3, 233, '0'),
(3215, 'a', 3, 235, '0'),
(3216, 'a', 3, 237, '0'),
(3217, 'a', 3, 239, '0'),
(3218, 'a', 3, 241, '0'),
(3219, 'a', 3, 243, '0'),
(3220, 'a', 3, 245, '0'),
(3221, 'a', 3, 247, '0'),
(3222, 'a', 3, 249, '0'),
(3223, 'a', 3, 251, '0'),
(3224, 'a', 3, 253, '0'),
(3225, 'a', 3, 255, '0'),
(3226, 'a', 3, 257, '0'),
(3227, 'a', 3, 259, '0'),
(3228, 'a', 3, 261, '0'),
(3229, 'a', 3, 263, '0'),
(3230, 'a', 3, 265, '0'),
(3231, 'a', 3, 268, '0'),
(3232, 'a', 3, 270, '0'),
(3233, 'a', 3, 272, '0'),
(3234, 'a', 3, 274, '0'),
(3235, 'a', 3, 276, '0'),
(3236, 'a', 3, 278, '0'),
(3237, 'a', 3, 280, '0'),
(3238, 'a', 3, 282, '0'),
(3239, 'a', 3, 284, '0'),
(3240, 'a', 3, 286, '0'),
(3241, 'a', 3, 288, '0'),
(3242, 'a', 3, 290, '0'),
(3243, 'a', 3, 292, '0'),
(3244, 'a', 3, 294, '0'),
(3245, 'a', 3, 296, '0'),
(3246, 'a', 3, 298, '0'),
(3247, 'a', 3, 300, '0'),
(3248, 'a', 3, 302, '0'),
(3249, 'a', 3, 304, '0'),
(3250, 'a', 3, 306, '0'),
(3251, 'a', 3, 308, '0'),
(3252, 'a', 3, 310, '0'),
(3253, 'a', 3, 311, '0'),
(3254, 'a', 3, 313, '0'),
(3255, 'a', 3, 315, '0'),
(3256, 'a', 3, 317, '0'),
(3257, 'a', 3, 319, '0'),
(3258, 'a', 3, 321, '0'),
(3259, 'a', 3, 324, '0'),
(3260, 'a', 3, 325, '0'),
(3261, 'a', 3, 327, '0'),
(3262, 'a', 3, 329, '0'),
(3263, 'a', 3, 331, '0'),
(3264, 'a', 3, 336, '0'),
(3265, 'a', 3, 337, '0'),
(3266, 'a', 3, 342, '0'),
(3267, 'a', 3, 345, '0'),
(3268, 'a', 3, 346, '0'),
(3269, 'a', 3, 348, '0'),
(3270, 'a', 3, 350, '0'),
(3271, 'a', 3, 353, '0'),
(3272, 'a', 3, 372, '1'),
(3273, 'a', 3, 354, '0'),
(3274, 'a', 3, 356, '0'),
(3275, 'a', 3, 358, '0'),
(3276, 'a', 3, 360, '0'),
(3277, 'a', 3, 362, '0'),
(3278, 'a', 3, 364, '0'),
(3279, 'a', 3, 366, '0'),
(3280, 'a', 3, 370, '0'),
(4534, 'b', 3, 4, '0'),
(4535, 'b', 3, 7, '0'),
(4536, 'b', 3, 9, '0'),
(4537, 'b', 3, 11, '0'),
(4538, 'b', 3, 13, '0'),
(4539, 'b', 3, 15, '0'),
(4540, 'b', 3, 17, '0'),
(4541, 'b', 3, 19, '0'),
(4542, 'b', 3, 21, '0'),
(4543, 'b', 3, 23, '0'),
(4544, 'b', 3, 26, '0'),
(4545, 'b', 3, 28, '0'),
(4546, 'b', 3, 30, '0'),
(4547, 'b', 3, 32, '0'),
(4548, 'b', 3, 34, '0'),
(4549, 'b', 3, 36, '0'),
(4550, 'b', 3, 38, '0'),
(4551, 'b', 3, 40, '0'),
(4552, 'b', 3, 42, '0'),
(4553, 'b', 3, 44, '0'),
(4554, 'b', 3, 46, '0'),
(4555, 'b', 3, 47, '0'),
(4556, 'b', 3, 49, '0'),
(4557, 'b', 3, 51, '0'),
(4558, 'b', 3, 53, '0'),
(4559, 'b', 3, 55, '0'),
(4560, 'b', 3, 57, '0'),
(4561, 'b', 3, 59, '0'),
(4562, 'b', 3, 61, '0'),
(4563, 'b', 3, 63, '0'),
(4564, 'b', 3, 65, '0'),
(4565, 'b', 3, 67, '0'),
(4566, 'b', 3, 69, '0'),
(4567, 'b', 3, 71, '0'),
(4568, 'b', 3, 73, '0'),
(4569, 'b', 3, 75, '0'),
(4570, 'b', 3, 77, '0'),
(4571, 'b', 3, 79, '0'),
(4572, 'b', 3, 81, '0'),
(4573, 'b', 3, 83, '0'),
(4574, 'b', 3, 85, '0'),
(4575, 'b', 3, 87, '0'),
(4576, 'b', 3, 89, '0'),
(4577, 'b', 3, 91, '0'),
(4578, 'b', 3, 93, '0'),
(4579, 'b', 3, 95, '0'),
(4580, 'b', 3, 97, '0'),
(4581, 'b', 3, 99, '0'),
(4582, 'b', 3, 101, '0'),
(4583, 'b', 3, 103, '0'),
(4584, 'b', 3, 105, '0'),
(4585, 'b', 3, 107, '0'),
(4586, 'b', 3, 109, '0'),
(4587, 'b', 3, 111, '0'),
(4588, 'b', 3, 113, '0'),
(4589, 'b', 3, 115, '0'),
(4590, 'b', 3, 117, '0'),
(4591, 'b', 3, 119, '0'),
(4592, 'b', 3, 121, '0'),
(4593, 'b', 3, 123, '0'),
(4594, 'b', 3, 125, '0'),
(4595, 'b', 3, 127, '0'),
(4596, 'b', 3, 129, '0'),
(4597, 'b', 3, 131, '0'),
(4598, 'b', 3, 133, '0'),
(4599, 'b', 3, 135, '0'),
(4600, 'b', 3, 137, '0'),
(4601, 'b', 3, 139, '0'),
(4602, 'b', 3, 141, '0'),
(4603, 'b', 3, 143, '0'),
(4604, 'b', 3, 145, '0'),
(4605, 'b', 3, 147, '0'),
(4606, 'b', 3, 149, '0'),
(4607, 'b', 3, 151, '0'),
(4608, 'b', 3, 153, '0'),
(4609, 'b', 3, 155, '0'),
(4610, 'b', 3, 157, '0'),
(4611, 'b', 3, 159, '0'),
(4612, 'b', 3, 161, '0'),
(4613, 'b', 3, 163, '0'),
(4614, 'b', 3, 165, '0'),
(4615, 'b', 3, 167, '0'),
(4616, 'b', 3, 169, '0'),
(4617, 'b', 3, 171, '0'),
(4618, 'b', 3, 173, '0'),
(4619, 'b', 3, 175, '0'),
(4620, 'b', 3, 177, '0'),
(4621, 'b', 3, 179, '0'),
(4622, 'b', 3, 181, '0'),
(4623, 'b', 3, 183, '0'),
(4624, 'b', 3, 185, '0'),
(4625, 'b', 3, 187, '0'),
(4626, 'b', 3, 189, '0'),
(4627, 'b', 3, 191, '0'),
(4628, 'b', 3, 193, '0'),
(4629, 'b', 3, 195, '0'),
(4630, 'b', 3, 197, '0'),
(4631, 'b', 3, 199, '0'),
(4632, 'b', 3, 201, '0'),
(4633, 'b', 3, 203, '0'),
(4634, 'b', 3, 205, '0'),
(4635, 'b', 3, 207, '0'),
(4636, 'b', 3, 210, '0'),
(4637, 'b', 3, 212, '0'),
(4638, 'b', 3, 214, '0'),
(4639, 'b', 3, 219, '0'),
(4640, 'b', 3, 221, '0'),
(4641, 'b', 3, 223, '0'),
(4642, 'b', 3, 225, '0'),
(4643, 'b', 3, 227, '0'),
(4644, 'b', 3, 229, '0'),
(4645, 'b', 3, 231, '0'),
(4646, 'b', 3, 233, '0'),
(4647, 'b', 3, 235, '0'),
(4648, 'b', 3, 237, '0'),
(4649, 'b', 3, 239, '0'),
(4650, 'b', 3, 241, '0'),
(4651, 'b', 3, 243, '0'),
(4652, 'b', 3, 245, '0'),
(4653, 'b', 3, 247, '0'),
(4654, 'b', 3, 249, '0'),
(4655, 'b', 3, 251, '0'),
(4656, 'b', 3, 253, '0'),
(4657, 'b', 3, 255, '0'),
(4658, 'b', 3, 257, '0'),
(4659, 'b', 3, 259, '0'),
(4660, 'b', 3, 261, '0'),
(4661, 'b', 3, 263, '0'),
(4662, 'b', 3, 265, '0'),
(4663, 'b', 3, 268, '0'),
(4664, 'b', 3, 270, '0'),
(4665, 'b', 3, 272, '0'),
(4666, 'b', 3, 274, '0'),
(4667, 'b', 3, 276, '0'),
(4668, 'b', 3, 278, '0'),
(4669, 'b', 3, 280, '0'),
(4670, 'b', 3, 282, '0'),
(4671, 'b', 3, 284, '0'),
(4672, 'b', 3, 286, '0'),
(4673, 'b', 3, 288, '0'),
(4674, 'b', 3, 290, '0'),
(4675, 'b', 3, 292, '0'),
(4676, 'b', 3, 294, '0'),
(4677, 'b', 3, 296, '0'),
(4678, 'b', 3, 298, '0'),
(4679, 'b', 3, 300, '0'),
(4680, 'b', 3, 302, '0'),
(4681, 'b', 3, 304, '0'),
(4682, 'b', 3, 306, '0'),
(4683, 'b', 3, 308, '0'),
(4684, 'b', 3, 310, '0'),
(4685, 'b', 3, 311, '0'),
(4686, 'b', 3, 313, '0'),
(4687, 'b', 3, 315, '0'),
(4688, 'b', 3, 317, '0'),
(4689, 'b', 3, 319, '0'),
(4690, 'b', 3, 321, '0'),
(4691, 'b', 3, 324, '0'),
(4692, 'b', 3, 325, '0'),
(4693, 'b', 3, 327, '0'),
(4694, 'b', 3, 329, '0'),
(4695, 'b', 3, 331, '0'),
(4696, 'b', 3, 336, '0'),
(4697, 'b', 3, 337, '0'),
(4698, 'b', 3, 342, '0'),
(4699, 'b', 3, 345, '0'),
(4700, 'b', 3, 346, '0'),
(4701, 'b', 3, 348, '0'),
(4702, 'b', 3, 350, '0'),
(4703, 'b', 3, 353, '0'),
(4704, 'b', 3, 372, '1'),
(4705, 'b', 3, 354, '0'),
(4706, 'b', 3, 356, '0'),
(4707, 'b', 3, 358, '0'),
(4708, 'b', 3, 360, '0'),
(4709, 'b', 3, 362, '0'),
(4710, 'b', 3, 364, '0'),
(4711, 'b', 3, 366, '0'),
(4712, 'b', 3, 370, '0'),
(4892, 'c', 3, 4, '0'),
(4893, 'c', 3, 7, '0'),
(4894, 'c', 3, 9, '0'),
(4895, 'c', 3, 11, '0'),
(4896, 'c', 3, 13, '0'),
(4897, 'c', 3, 15, '0'),
(4898, 'c', 3, 17, '0'),
(4899, 'c', 3, 19, '0'),
(4900, 'c', 3, 21, '0'),
(4901, 'c', 3, 22, '0'),
(4902, 'c', 3, 24, '0'),
(4903, 'c', 3, 27, '0'),
(4904, 'c', 3, 29, '0'),
(4905, 'c', 3, 31, '0'),
(4906, 'c', 3, 33, '0'),
(4907, 'c', 3, 35, '0'),
(4908, 'c', 3, 37, '0'),
(4909, 'c', 3, 39, '0'),
(4910, 'c', 3, 41, '0'),
(4911, 'c', 3, 43, '0'),
(4912, 'c', 3, 45, '0'),
(4913, 'c', 3, 47, '0'),
(4914, 'c', 3, 49, '0'),
(4915, 'c', 3, 51, '0'),
(4916, 'c', 3, 53, '0'),
(4917, 'c', 3, 55, '0'),
(4918, 'c', 3, 57, '0'),
(4919, 'c', 3, 59, '0'),
(4920, 'c', 3, 61, '0'),
(4921, 'c', 3, 63, '0'),
(4922, 'c', 3, 65, '0'),
(4923, 'c', 3, 67, '0'),
(4924, 'c', 3, 69, '0'),
(4925, 'c', 3, 71, '0'),
(4926, 'c', 3, 73, '0'),
(4927, 'c', 3, 75, '0'),
(4928, 'c', 3, 77, '0'),
(4929, 'c', 3, 79, '0'),
(4930, 'c', 3, 81, '0'),
(4931, 'c', 3, 83, '0'),
(4932, 'c', 3, 85, '0'),
(4933, 'c', 3, 87, '0'),
(4934, 'c', 3, 89, '0'),
(4935, 'c', 3, 91, '0'),
(4936, 'c', 3, 93, '0'),
(4937, 'c', 3, 95, '0'),
(4938, 'c', 3, 97, '0'),
(4939, 'c', 3, 99, '0'),
(4940, 'c', 3, 101, '0'),
(4941, 'c', 3, 103, '0'),
(4942, 'c', 3, 105, '0'),
(4943, 'c', 3, 107, '0'),
(4944, 'c', 3, 109, '0'),
(4945, 'c', 3, 111, '0'),
(4946, 'c', 3, 113, '0'),
(4947, 'c', 3, 115, '0'),
(4948, 'c', 3, 117, '0'),
(4949, 'c', 3, 119, '0'),
(4950, 'c', 3, 121, '0'),
(4951, 'c', 3, 123, '0'),
(4952, 'c', 3, 125, '0'),
(4953, 'c', 3, 127, '0'),
(4954, 'c', 3, 129, '0'),
(4955, 'c', 3, 131, '0'),
(4956, 'c', 3, 133, '0'),
(4957, 'c', 3, 135, '0'),
(4958, 'c', 3, 137, '0'),
(4959, 'c', 3, 139, '0'),
(4960, 'c', 3, 141, '0'),
(4961, 'c', 3, 143, '0'),
(4962, 'c', 3, 145, '0'),
(4963, 'c', 3, 147, '0'),
(4964, 'c', 3, 149, '0'),
(4965, 'c', 3, 151, '0'),
(4966, 'c', 3, 153, '0'),
(4967, 'c', 3, 155, '0'),
(4968, 'c', 3, 157, '0'),
(4969, 'c', 3, 159, '0'),
(4970, 'c', 3, 161, '0'),
(4971, 'c', 3, 163, '0'),
(4972, 'c', 3, 165, '0'),
(4973, 'c', 3, 167, '0'),
(4974, 'c', 3, 169, '0'),
(4975, 'c', 3, 171, '0'),
(4976, 'c', 3, 173, '0'),
(4977, 'c', 3, 175, '0'),
(4978, 'c', 3, 177, '0'),
(4979, 'c', 3, 179, '0'),
(4980, 'c', 3, 181, '0'),
(4981, 'c', 3, 183, '0'),
(4982, 'c', 3, 185, '0'),
(4983, 'c', 3, 187, '0'),
(4984, 'c', 3, 189, '0'),
(4985, 'c', 3, 191, '0'),
(4986, 'c', 3, 193, '0'),
(4987, 'c', 3, 195, '0'),
(4988, 'c', 3, 197, '0'),
(4989, 'c', 3, 199, '0'),
(4990, 'c', 3, 201, '0'),
(4991, 'c', 3, 203, '0'),
(4992, 'c', 3, 205, '0'),
(4993, 'c', 3, 207, '0'),
(4994, 'c', 3, 210, '0'),
(4995, 'c', 3, 212, '0'),
(4996, 'c', 3, 214, '0'),
(4997, 'c', 3, 219, '0'),
(4998, 'c', 3, 221, '0'),
(4999, 'c', 3, 223, '0'),
(5000, 'c', 3, 225, '0'),
(5001, 'c', 3, 227, '0'),
(5002, 'c', 3, 229, '0'),
(5003, 'c', 3, 231, '0'),
(5004, 'c', 3, 233, '0'),
(5005, 'c', 3, 235, '0'),
(5006, 'c', 3, 237, '0'),
(5007, 'c', 3, 239, '0'),
(5008, 'c', 3, 241, '0'),
(5009, 'c', 3, 243, '0'),
(5010, 'c', 3, 245, '0'),
(5011, 'c', 3, 247, '0'),
(5012, 'c', 3, 249, '0'),
(5013, 'c', 3, 251, '0'),
(5014, 'c', 3, 253, '0'),
(5015, 'c', 3, 255, '0'),
(5016, 'c', 3, 257, '0'),
(5017, 'c', 3, 259, '0'),
(5018, 'c', 3, 261, '0'),
(5019, 'c', 3, 263, '0'),
(5020, 'c', 3, 265, '0'),
(5021, 'c', 3, 268, '0'),
(5022, 'c', 3, 270, '0'),
(5023, 'c', 3, 272, '0'),
(5024, 'c', 3, 274, '0'),
(5025, 'c', 3, 276, '0'),
(5026, 'c', 3, 278, '0'),
(5027, 'c', 3, 280, '0'),
(5028, 'c', 3, 282, '0'),
(5029, 'c', 3, 284, '0'),
(5030, 'c', 3, 286, '0'),
(5031, 'c', 3, 288, '0'),
(5032, 'c', 3, 290, '0'),
(5033, 'c', 3, 292, '0'),
(5034, 'c', 3, 294, '0'),
(5035, 'c', 3, 296, '0'),
(5036, 'c', 3, 298, '0'),
(5037, 'c', 3, 300, '0'),
(5038, 'c', 3, 302, '0'),
(5039, 'c', 3, 304, '0'),
(5040, 'c', 3, 306, '0'),
(5041, 'c', 3, 308, '0'),
(5042, 'c', 3, 310, '0'),
(5043, 'c', 3, 311, '0'),
(5044, 'c', 3, 313, '0'),
(5045, 'c', 3, 315, '0'),
(5046, 'c', 3, 317, '0'),
(5047, 'c', 3, 319, '0'),
(5048, 'c', 3, 321, '0'),
(5049, 'c', 3, 324, '0'),
(5050, 'c', 3, 325, '0'),
(5051, 'c', 3, 327, '0'),
(5052, 'c', 3, 329, '0'),
(5053, 'c', 3, 331, '0'),
(5054, 'c', 3, 336, '0'),
(5055, 'c', 3, 337, '0'),
(5056, 'c', 3, 342, '0'),
(5057, 'c', 3, 345, '0'),
(5058, 'c', 3, 346, '0'),
(5059, 'c', 3, 348, '0'),
(5060, 'c', 3, 350, '0'),
(5061, 'c', 3, 353, '0'),
(5062, 'c', 3, 372, '1'),
(5063, 'c', 3, 354, '0'),
(5064, 'c', 3, 356, '0'),
(5065, 'c', 3, 358, '0'),
(5066, 'c', 3, 360, '0'),
(5067, 'c', 3, 362, '0'),
(5068, 'c', 3, 364, '0'),
(5069, 'c', 3, 366, '0'),
(5070, 'c', 3, 370, '0'),
(5250, 'd', 3, 4, '0'),
(5251, 'd', 3, 7, '0'),
(5252, 'd', 3, 9, '0'),
(5253, 'd', 3, 11, '0'),
(5254, 'd', 3, 13, '0'),
(5255, 'd', 3, 15, '0'),
(5256, 'd', 3, 17, '0'),
(5257, 'd', 3, 18, '0'),
(5258, 'd', 3, 20, '0'),
(5259, 'd', 3, 22, '0'),
(5260, 'd', 3, 24, '0'),
(5261, 'd', 3, 27, '0'),
(5262, 'd', 3, 29, '0'),
(5263, 'd', 3, 31, '0'),
(5264, 'd', 3, 33, '0'),
(5265, 'd', 3, 35, '0'),
(5266, 'd', 3, 37, '0'),
(5267, 'd', 3, 39, '0'),
(5268, 'd', 3, 41, '0'),
(5269, 'd', 3, 43, '0'),
(5270, 'd', 3, 45, '0'),
(5271, 'd', 3, 47, '0'),
(5272, 'd', 3, 49, '0'),
(5273, 'd', 3, 51, '0'),
(5274, 'd', 3, 53, '0'),
(5275, 'd', 3, 55, '0'),
(5276, 'd', 3, 57, '0'),
(5277, 'd', 3, 59, '0'),
(5278, 'd', 3, 61, '0'),
(5279, 'd', 3, 63, '0'),
(5280, 'd', 3, 65, '0'),
(5281, 'd', 3, 67, '0'),
(5282, 'd', 3, 69, '0'),
(5283, 'd', 3, 71, '0'),
(5284, 'd', 3, 73, '0'),
(5285, 'd', 3, 75, '0'),
(5286, 'd', 3, 77, '0'),
(5287, 'd', 3, 79, '0'),
(5288, 'd', 3, 81, '0'),
(5289, 'd', 3, 83, '0'),
(5290, 'd', 3, 85, '0'),
(5291, 'd', 3, 87, '0'),
(5292, 'd', 3, 89, '0'),
(5293, 'd', 3, 91, '0'),
(5294, 'd', 3, 93, '0'),
(5295, 'd', 3, 95, '0'),
(5296, 'd', 3, 97, '0'),
(5297, 'd', 3, 99, '0'),
(5298, 'd', 3, 101, '0'),
(5299, 'd', 3, 103, '0'),
(5300, 'd', 3, 105, '0'),
(5301, 'd', 3, 107, '0'),
(5302, 'd', 3, 109, '0'),
(5303, 'd', 3, 111, '0'),
(5304, 'd', 3, 113, '0'),
(5305, 'd', 3, 115, '0'),
(5306, 'd', 3, 117, '0'),
(5307, 'd', 3, 119, '0'),
(5308, 'd', 3, 121, '0'),
(5309, 'd', 3, 123, '0'),
(5310, 'd', 3, 125, '0'),
(5311, 'd', 3, 127, '0'),
(5312, 'd', 3, 129, '0'),
(5313, 'd', 3, 131, '0'),
(5314, 'd', 3, 133, '0'),
(5315, 'd', 3, 135, '0'),
(5316, 'd', 3, 137, '0'),
(5317, 'd', 3, 139, '0'),
(5318, 'd', 3, 141, '0'),
(5319, 'd', 3, 143, '0'),
(5320, 'd', 3, 145, '0'),
(5321, 'd', 3, 147, '0'),
(5322, 'd', 3, 149, '0'),
(5323, 'd', 3, 151, '0'),
(5324, 'd', 3, 153, '0'),
(5325, 'd', 3, 155, '0'),
(5326, 'd', 3, 157, '0'),
(5327, 'd', 3, 159, '0'),
(5328, 'd', 3, 161, '0'),
(5329, 'd', 3, 163, '0'),
(5330, 'd', 3, 165, '0'),
(5331, 'd', 3, 167, '0'),
(5332, 'd', 3, 169, '0'),
(5333, 'd', 3, 171, '0'),
(5334, 'd', 3, 173, '0'),
(5335, 'd', 3, 175, '0'),
(5336, 'd', 3, 177, '0'),
(5337, 'd', 3, 179, '0'),
(5338, 'd', 3, 181, '0'),
(5339, 'd', 3, 183, '0'),
(5340, 'd', 3, 185, '0'),
(5341, 'd', 3, 187, '0'),
(5342, 'd', 3, 189, '0'),
(5343, 'd', 3, 191, '0'),
(5344, 'd', 3, 193, '0'),
(5345, 'd', 3, 195, '0'),
(5346, 'd', 3, 197, '0'),
(5347, 'd', 3, 199, '0'),
(5348, 'd', 3, 201, '0'),
(5349, 'd', 3, 203, '0'),
(5350, 'd', 3, 205, '0'),
(5351, 'd', 3, 207, '0'),
(5352, 'd', 3, 210, '0'),
(5353, 'd', 3, 212, '0'),
(5354, 'd', 3, 214, '0'),
(5355, 'd', 3, 219, '0'),
(5356, 'd', 3, 221, '0'),
(5357, 'd', 3, 223, '0'),
(5358, 'd', 3, 225, '0'),
(5359, 'd', 3, 227, '0'),
(5360, 'd', 3, 229, '0'),
(5361, 'd', 3, 231, '0'),
(5362, 'd', 3, 233, '0'),
(5363, 'd', 3, 235, '0'),
(5364, 'd', 3, 237, '0'),
(5365, 'd', 3, 239, '0'),
(5366, 'd', 3, 241, '0'),
(5367, 'd', 3, 243, '0'),
(5368, 'd', 3, 245, '0'),
(5369, 'd', 3, 247, '0'),
(5370, 'd', 3, 249, '0'),
(5371, 'd', 3, 251, '0'),
(5372, 'd', 3, 253, '0'),
(5373, 'd', 3, 255, '0'),
(5374, 'd', 3, 257, '0'),
(5375, 'd', 3, 259, '0'),
(5376, 'd', 3, 261, '0'),
(5377, 'd', 3, 263, '0'),
(5378, 'd', 3, 265, '0'),
(5379, 'd', 3, 268, '0'),
(5380, 'd', 3, 270, '0'),
(5381, 'd', 3, 272, '0'),
(5382, 'd', 3, 274, '0'),
(5383, 'd', 3, 276, '0'),
(5384, 'd', 3, 278, '0'),
(5385, 'd', 3, 280, '0'),
(5386, 'd', 3, 282, '0'),
(5387, 'd', 3, 284, '0'),
(5388, 'd', 3, 286, '0'),
(5389, 'd', 3, 288, '0'),
(5390, 'd', 3, 290, '0'),
(5391, 'd', 3, 292, '0'),
(5392, 'd', 3, 294, '0'),
(5393, 'd', 3, 296, '0'),
(5394, 'd', 3, 298, '0'),
(5395, 'd', 3, 300, '0'),
(5396, 'd', 3, 302, '0'),
(5397, 'd', 3, 304, '0'),
(5398, 'd', 3, 306, '0'),
(5399, 'd', 3, 308, '0'),
(5400, 'd', 3, 310, '0'),
(5401, 'd', 3, 311, '0'),
(5402, 'd', 3, 313, '0'),
(5403, 'd', 3, 315, '0'),
(5404, 'd', 3, 317, '0'),
(5405, 'd', 3, 319, '0'),
(5406, 'd', 3, 321, '0'),
(5407, 'd', 3, 324, '0'),
(5408, 'd', 3, 325, '0'),
(5409, 'd', 3, 327, '0'),
(5410, 'd', 3, 329, '0'),
(5411, 'd', 3, 331, '0'),
(5412, 'd', 3, 336, '0'),
(5413, 'd', 3, 337, '0'),
(5414, 'd', 3, 342, '0'),
(5415, 'd', 3, 345, '0'),
(5416, 'd', 3, 346, '0'),
(5417, 'd', 3, 348, '0'),
(5418, 'd', 3, 350, '0'),
(5419, 'd', 3, 353, '0'),
(5420, 'd', 3, 372, '1'),
(5421, 'd', 3, 354, '0'),
(5422, 'd', 3, 356, '0'),
(5423, 'd', 3, 358, '0'),
(5424, 'd', 3, 360, '0'),
(5425, 'd', 3, 362, '0'),
(5426, 'd', 3, 364, '0'),
(5427, 'd', 3, 366, '0'),
(5428, 'd', 3, 370, '0'),
(5608, 'e', 3, 4, '0'),
(5609, 'e', 3, 7, '0'),
(5610, 'e', 3, 9, '0'),
(5611, 'e', 3, 11, '0'),
(5612, 'e', 3, 13, '0'),
(5613, 'e', 3, 15, '0'),
(5614, 'e', 3, 17, '0'),
(5615, 'e', 3, 19, '0'),
(5616, 'e', 3, 21, '0'),
(5617, 'e', 3, 23, '0'),
(5618, 'e', 3, 26, '0'),
(5619, 'e', 3, 28, '0'),
(5620, 'e', 3, 30, '0'),
(5621, 'e', 3, 32, '0'),
(5622, 'e', 3, 34, '0'),
(5623, 'e', 3, 36, '0'),
(5624, 'e', 3, 38, '0'),
(5625, 'e', 3, 40, '0'),
(5626, 'e', 3, 42, '0'),
(5627, 'e', 3, 44, '0'),
(5628, 'e', 3, 46, '0'),
(5629, 'e', 3, 48, '0'),
(5630, 'e', 3, 50, '0'),
(5631, 'e', 3, 52, '0'),
(5632, 'e', 3, 54, '0'),
(5633, 'e', 3, 56, '0'),
(5634, 'e', 3, 58, '0'),
(5635, 'e', 3, 60, '0'),
(5636, 'e', 3, 62, '0'),
(5637, 'e', 3, 64, '0'),
(5638, 'e', 3, 66, '0'),
(5639, 'e', 3, 68, '0'),
(5640, 'e', 3, 69, '0'),
(5641, 'e', 3, 71, '0'),
(5642, 'e', 3, 73, '0'),
(5643, 'e', 3, 75, '0'),
(5644, 'e', 3, 77, '0'),
(5645, 'e', 3, 79, '0'),
(5646, 'e', 3, 81, '0'),
(5647, 'e', 3, 83, '0'),
(5648, 'e', 3, 85, '0'),
(5649, 'e', 3, 87, '0'),
(5650, 'e', 3, 89, '0'),
(5651, 'e', 3, 91, '0'),
(5652, 'e', 3, 93, '0'),
(5653, 'e', 3, 95, '0'),
(5654, 'e', 3, 97, '0'),
(5655, 'e', 3, 99, '0'),
(5656, 'e', 3, 101, '0'),
(5657, 'e', 3, 103, '0'),
(5658, 'e', 3, 105, '0'),
(5659, 'e', 3, 107, '0'),
(5660, 'e', 3, 109, '0'),
(5661, 'e', 3, 111, '0'),
(5662, 'e', 3, 113, '0'),
(5663, 'e', 3, 115, '0'),
(5664, 'e', 3, 117, '0'),
(5665, 'e', 3, 119, '0'),
(5666, 'e', 3, 121, '0'),
(5667, 'e', 3, 123, '0'),
(5668, 'e', 3, 125, '0'),
(5669, 'e', 3, 127, '0'),
(5670, 'e', 3, 129, '0'),
(5671, 'e', 3, 131, '0'),
(5672, 'e', 3, 133, '0'),
(5673, 'e', 3, 135, '0'),
(5674, 'e', 3, 137, '0'),
(5675, 'e', 3, 139, '0'),
(5676, 'e', 3, 141, '0'),
(5677, 'e', 3, 143, '0'),
(5678, 'e', 3, 145, '0'),
(5679, 'e', 3, 147, '0'),
(5680, 'e', 3, 149, '0'),
(5681, 'e', 3, 151, '0'),
(5682, 'e', 3, 153, '0'),
(5683, 'e', 3, 155, '0'),
(5684, 'e', 3, 157, '0'),
(5685, 'e', 3, 159, '0'),
(5686, 'e', 3, 161, '0'),
(5687, 'e', 3, 163, '0'),
(5688, 'e', 3, 165, '0'),
(5689, 'e', 3, 167, '0'),
(5690, 'e', 3, 169, '0'),
(5691, 'e', 3, 171, '0'),
(5692, 'e', 3, 173, '0'),
(5693, 'e', 3, 175, '0'),
(5694, 'e', 3, 177, '0'),
(5695, 'e', 3, 179, '0'),
(5696, 'e', 3, 181, '0'),
(5697, 'e', 3, 183, '0'),
(5698, 'e', 3, 185, '0'),
(5699, 'e', 3, 187, '0'),
(5700, 'e', 3, 189, '0'),
(5701, 'e', 3, 191, '0'),
(5702, 'e', 3, 193, '0'),
(5703, 'e', 3, 195, '0'),
(5704, 'e', 3, 197, '0'),
(5705, 'e', 3, 199, '0'),
(5706, 'e', 3, 201, '0'),
(5707, 'e', 3, 203, '0'),
(5708, 'e', 3, 205, '0'),
(5709, 'e', 3, 207, '0'),
(5710, 'e', 3, 210, '0'),
(5711, 'e', 3, 212, '0'),
(5712, 'e', 3, 214, '0'),
(5713, 'e', 3, 219, '0'),
(5714, 'e', 3, 221, '0'),
(5715, 'e', 3, 223, '0'),
(5716, 'e', 3, 225, '0'),
(5717, 'e', 3, 227, '0'),
(5718, 'e', 3, 229, '0'),
(5719, 'e', 3, 231, '0'),
(5720, 'e', 3, 233, '0'),
(5721, 'e', 3, 235, '0'),
(5722, 'e', 3, 237, '0'),
(5723, 'e', 3, 239, '0'),
(5724, 'e', 3, 241, '0'),
(5725, 'e', 3, 243, '0'),
(5726, 'e', 3, 245, '0'),
(5727, 'e', 3, 247, '0'),
(5728, 'e', 3, 249, '0'),
(5729, 'e', 3, 251, '0'),
(5730, 'e', 3, 253, '0'),
(5731, 'e', 3, 255, '0'),
(5732, 'e', 3, 257, '0'),
(5733, 'e', 3, 259, '0'),
(5734, 'e', 3, 261, '0'),
(5735, 'e', 3, 263, '0'),
(5736, 'e', 3, 265, '0'),
(5737, 'e', 3, 268, '0'),
(5738, 'e', 3, 270, '0'),
(5739, 'e', 3, 272, '0'),
(5740, 'e', 3, 274, '0'),
(5741, 'e', 3, 276, '0'),
(5742, 'e', 3, 278, '0'),
(5743, 'e', 3, 280, '0'),
(5744, 'e', 3, 282, '0'),
(5745, 'e', 3, 284, '0'),
(5746, 'e', 3, 286, '0'),
(5747, 'e', 3, 288, '0'),
(5748, 'e', 3, 290, '0'),
(5749, 'e', 3, 292, '0'),
(5750, 'e', 3, 294, '0'),
(5751, 'e', 3, 296, '0'),
(5752, 'e', 3, 298, '0'),
(5753, 'e', 3, 300, '0'),
(5754, 'e', 3, 302, '0'),
(5755, 'e', 3, 304, '0'),
(5756, 'e', 3, 306, '0'),
(5757, 'e', 3, 308, '0'),
(5758, 'e', 3, 310, '0'),
(5759, 'e', 3, 311, '0'),
(5760, 'e', 3, 313, '0'),
(5761, 'e', 3, 315, '0'),
(5762, 'e', 3, 317, '0'),
(5763, 'e', 3, 319, '0'),
(5764, 'e', 3, 321, '0'),
(5765, 'e', 3, 324, '0'),
(5766, 'e', 3, 325, '0'),
(5767, 'e', 3, 327, '0'),
(5768, 'e', 3, 329, '0'),
(5769, 'e', 3, 331, '0'),
(5770, 'e', 3, 336, '0'),
(5771, 'e', 3, 337, '0'),
(5772, 'e', 3, 342, '0'),
(5773, 'e', 3, 345, '0'),
(5774, 'e', 3, 346, '0'),
(5775, 'e', 3, 348, '0'),
(5776, 'e', 3, 350, '0'),
(5777, 'e', 3, 353, '0'),
(5778, 'e', 3, 372, '1'),
(5779, 'e', 3, 354, '0'),
(5780, 'e', 3, 356, '0'),
(5781, 'e', 3, 358, '0'),
(5782, 'e', 3, 360, '0'),
(5783, 'e', 3, 362, '0'),
(5784, 'e', 3, 364, '0'),
(5785, 'e', 3, 366, '0'),
(5786, 'e', 3, 370, '0');

-- --------------------------------------------------------

--
-- Table structure for table `alternatif`
--

CREATE TABLE `alternatif` (
  `id` int NOT NULL,
  `id_periode` int NOT NULL,
  `id_kelurahan` varchar(50) NOT NULL
) ENGINE=InnoDB DEFAULT CHARSET=utf8mb4 COLLATE=utf8mb4_0900_ai_ci;

--
-- Dumping data for table `alternatif`
--

INSERT INTO `alternatif` (`id`, `id_periode`, `id_kelurahan`) VALUES
(3, 3, 'e'),
(4, 3, 'b'),
(5, 3, 'c'),
(6, 3, 'd');

-- --------------------------------------------------------

--
-- Table structure for table `assesment`
--

CREATE TABLE `assesment` (
  `id` int NOT NULL,
  `id_user` int NOT NULL,
  `tahun` year NOT NULL
) ENGINE=InnoDB DEFAULT CHARSET=utf8mb4 COLLATE=utf8mb4_0900_ai_ci;

-- --------------------------------------------------------

--
-- Table structure for table `bidang`
--

CREATE TABLE `bidang` (
  `id` int NOT NULL,
  `nama_bidang` varchar(225) NOT NULL
) ENGINE=InnoDB DEFAULT CHARSET=utf8mb4 COLLATE=utf8mb4_0900_ai_ci;

--
-- Dumping data for table `bidang`
--

INSERT INTO `bidang` (`id`, `nama_bidang`) VALUES
(1, 'Pemerintahan'),
(2, 'Kewilayahan'),
(3, 'Kemasyarakatan');

-- --------------------------------------------------------

--
-- Table structure for table `detail_assesment`
--

CREATE TABLE `detail_assesment` (
  `id` int NOT NULL,
  `id_assesment` int NOT NULL,
  `id_sub_indikator` int NOT NULL,
  `point` int NOT NULL,
  `verifikasi` tinyint(1) NOT NULL
) ENGINE=InnoDB DEFAULT CHARSET=utf8mb4 COLLATE=utf8mb4_0900_ai_ci;

-- --------------------------------------------------------

--
-- Table structure for table `hasil`
--

CREATE TABLE `hasil` (
  `id` int NOT NULL,
  `id_alternatif` int NOT NULL,
  `hasil` double(8,3) NOT NULL
) ENGINE=InnoDB DEFAULT CHARSET=utf8mb4 COLLATE=utf8mb4_0900_ai_ci;

--
-- Dumping data for table `hasil`
--

INSERT INTO `hasil` (`id`, `id_alternatif`, `hasil`) VALUES
(429, 3, 0.693),
(430, 4, 0.397),
(431, 5, 0.127),
(432, 6, 0.366);

-- --------------------------------------------------------

--
-- Table structure for table `indikator`
--

CREATE TABLE `indikator` (
  `id` int NOT NULL,
  `id_bidang` int NOT NULL,
  `nama_indikator` varchar(225) NOT NULL
) ENGINE=InnoDB DEFAULT CHARSET=utf8mb4 COLLATE=utf8mb4_0900_ai_ci;

--
-- Dumping data for table `indikator`
--

INSERT INTO `indikator` (`id`, `id_bidang`, `nama_indikator`) VALUES
(1, 1, 'Sarana Prasarana'),
(2, 1, 'Akuntabilitasi'),
(3, 1, 'Administrasi'),
(4, 1, 'Kinerja'),
(5, 1, 'Inisiatif dan kreativitas'),
(6, 1, 'Ketersediaan sistem teknologi\ninformasi berbasis internet'),
(7, 1, 'Perangkat komputer'),
(8, 1, 'Administrasi dengan teknologi informasi'),
(9, 1, 'Pelestarian Adat dan Budaya'),
(10, 2, 'Embrio Aktivitas Inovasi'),
(11, 2, 'Kelembagaan Inovasi'),
(12, 2, 'Jejaring Inovasi'),
(13, 2, 'Budaya Inovasi Masyarakat'),
(14, 2, 'Keterpaduan Perencanaan Inovasi'),
(15, 2, 'Kepekaan Masyarakat terhadap Dinamika Global/Ekonomi'),
(16, 2, 'Faktor-faktor Kunci dalam Pengelolaan Potensi secara Inovatif'),
(17, 2, 'Perencanaan Kontingensi'),
(18, 2, 'Peta Risiko bencana'),
(19, 2, 'Sistem Peringatan Dini Terpusat Pada Masyarakat'),
(20, 2, 'Infrastruktur Evakuasi'),
(21, 2, 'Investasi yang masuk ke Desa dan Kelurahan'),
(22, 3, 'Musyawarah Dusun'),
(23, 3, 'Swadaya Masyarakat Untuk Pembangunan Sarana Prasarana Desa 2 Tahun Terakhir'),
(24, 3, 'Swakelola Masyarakat Untuk Pembangunan Sarana Prasarana Desa 2 Tahun Terakhir'),
(25, 3, 'Gotong Royong Penduduk Desa 2 Tahun Terakhir'),
(26, 3, 'Organisasi Pemuda'),
(27, 3, 'Organisasi Profesi (petani, pedagang, nelayan, buruh, paguyuban, dll)'),
(28, 3, 'Organisasi Olah Raga '),
(29, 3, 'LPM atau Sebutan Lain'),
(30, 3, 'Kelompok Gotong Royong'),
(31, 3, 'Karang Taruna '),
(32, 3, 'Lembaga Adat, Budaya, Dan Kesenian'),
(33, 3, 'Kelompok Usaha'),
(34, 3, 'Koperasi'),
(35, 3, 'Organisasi Perempuan'),
(36, 3, 'Lembaga PKK'),
(37, 3, 'Program PKK'),
(38, 3, 'Organisasi PKK'),
(39, 3, 'Pengamanan Lingkungan Dan Manusia'),
(40, 3, 'Konflik SARA'),
(41, 3, 'Perkelahian'),
(42, 3, 'Pencurian dan perampokan '),
(43, 3, 'Perjudian'),
(44, 3, 'Narkoba'),
(45, 3, 'Prostitusi'),
(46, 3, 'Pembunuhan'),
(47, 3, 'Kekerasan Seksual '),
(48, 3, 'Kekerasan dalam Keluarga'),
(49, 3, 'Penculikan'),
(50, 3, 'HIV/AIDS'),
(51, 3, 'Buta Huruf'),
(52, 3, 'Putus Sekolah'),
(53, 3, 'Tamat Sekolah'),
(54, 3, 'Kematian Bayi'),
(55, 3, 'Gizi dan Kematian Balita'),
(56, 3, 'Posyandu'),
(57, 3, 'Kepemilikan Jamban Dalam Rumah Tangga (RT)'),
(58, 3, 'Fasilitas Kesehatan Lingkungan'),
(59, 3, 'Pengangguran'),
(60, 3, 'Mata Pencaharian/Sumber Pendapatan'),
(61, 3, 'Kelembagaan Ekonomi'),
(62, 3, 'Data Masyarakat Miskin'),
(63, 3, 'Program Penanggulangan Kemiskinan'),
(64, 3, 'Analisis Kebutuhan'),
(65, 3, 'Pelaksanaan Program');

-- --------------------------------------------------------

--
-- Table structure for table `kelurahan`
--

CREATE TABLE `kelurahan` (
  `id` varchar(50) NOT NULL,
  `kelurahan` varchar(100) NOT NULL,
  `tipologi` enum('Pantai','Dataran Rendah','Pegunungan','Pertanian') CHARACTER SET utf8mb4 COLLATE utf8mb4_0900_ai_ci NOT NULL,
  `orbitas` enum('Lebih dari 6 jam','5 sampai 6 jam','3 sampai 4 jam','1 sampai 2 jam','Kurang dari 1 jam') CHARACTER SET utf8mb4 COLLATE utf8mb4_0900_ai_ci NOT NULL,
  `kondisi_wilayah_ibukota` enum('Ada di ibukota','Di luar ibukota') CHARACTER SET utf8mb4 COLLATE utf8mb4_0900_ai_ci NOT NULL,
  `kondisi_wilayah_bencana` enum('Rawan','Tidak rawan') CHARACTER SET utf8mb4 COLLATE utf8mb4_0900_ai_ci NOT NULL,
  `batas_desa` enum('Tidak ada','Ada') CHARACTER SET utf8mb4 COLLATE utf8mb4_0900_ai_ci NOT NULL,
  `batas_orbitas` enum('Tidak ada','Ada') CHARACTER SET utf8mb4 COLLATE utf8mb4_0900_ai_ci NOT NULL
) ENGINE=InnoDB DEFAULT CHARSET=utf8mb4 COLLATE=utf8mb4_0900_ai_ci;

--
-- Dumping data for table `kelurahan`
--

INSERT INTO `kelurahan` (`id`, `kelurahan`, `tipologi`, `orbitas`, `kondisi_wilayah_ibukota`, `kondisi_wilayah_bencana`, `batas_desa`, `batas_orbitas`) VALUES
('a', 'Kelurahan A', 'Pantai', 'Lebih dari 6 jam', 'Ada di ibukota', 'Rawan', 'Tidak ada', 'Tidak ada'),
('b', 'Kelurahan B', 'Pantai', 'Lebih dari 6 jam', 'Ada di ibukota', 'Rawan', 'Ada', 'Ada'),
('c', 'Kelurahan C', 'Pegunungan', 'Lebih dari 6 jam', 'Ada di ibukota', 'Rawan', 'Ada', 'Ada'),
('d', 'Kelurahan D', 'Pertanian', 'Kurang dari 1 jam', 'Di luar ibukota', 'Tidak rawan', 'Tidak ada', 'Tidak ada'),
('e', 'Kelurahan E', 'Pertanian', 'Kurang dari 1 jam', 'Di luar ibukota', 'Tidak rawan', 'Tidak ada', 'Tidak ada');

-- --------------------------------------------------------

--
-- Table structure for table `kelurahan_periode`
--

CREATE TABLE `kelurahan_periode` (
  `id_kelurahan` varchar(50) NOT NULL,
  `id_periode` int NOT NULL,
  `usia_kurang_15` int NOT NULL,
  `usia_15_56` int NOT NULL,
  `usia_lebih_56` int NOT NULL,
  `penduduk_total` int NOT NULL,
  `penduduk_laki_laki` int NOT NULL,
  `penduduk_perempuan` int NOT NULL,
  `jumlah_kepala_keluarga` int NOT NULL
) ENGINE=InnoDB DEFAULT CHARSET=utf8mb4 COLLATE=utf8mb4_0900_ai_ci;

--
-- Dumping data for table `kelurahan_periode`
--

INSERT INTO `kelurahan_periode` (`id_kelurahan`, `id_periode`, `usia_kurang_15`, `usia_15_56`, `usia_lebih_56`, `penduduk_total`, `penduduk_laki_laki`, `penduduk_perempuan`, `jumlah_kepala_keluarga`) VALUES
('a', 3, 1, 1, 1, 1, 1, 1, 1),
('a', 4, 2, 2, 2, 2, 2, 2, 2),
('b', 3, 700, 600, 500, 400, 300, 200, 100),
('b', 4, 10, 20, 30, 40, 50, 60, 70);

-- --------------------------------------------------------

--
-- Table structure for table `kriteria`
--

CREATE TABLE `kriteria` (
  `id` int NOT NULL,
  `nama` varchar(30) NOT NULL,
  `jenis` varchar(20) NOT NULL,
  `bobot` int NOT NULL
) ENGINE=InnoDB DEFAULT CHARSET=utf8mb4 COLLATE=utf8mb4_0900_ai_ci;

--
-- Dumping data for table `kriteria`
--

INSERT INTO `kriteria` (`id`, `nama`, `jenis`, `bobot`) VALUES
(1, 'Presentasi', 'Benefit', 40),
(2, 'Wawancara', 'Benefit', 40),
(3, 'Verifikasi Lapangan', 'Benefit', 50);

-- --------------------------------------------------------

--
-- Table structure for table `nilai_sub_indikator`
--

CREATE TABLE `nilai_sub_indikator` (
  `id` int NOT NULL,
  `id_sub_indikator` int NOT NULL,
  `nama_nilai_sub_indikator` varchar(255) NOT NULL,
  `point` int NOT NULL
) ENGINE=InnoDB DEFAULT CHARSET=utf8mb4 COLLATE=utf8mb4_0900_ai_ci;

--
-- Dumping data for table `nilai_sub_indikator`
--

INSERT INTO `nilai_sub_indikator` (`id`, `id_sub_indikator`, `nama_nilai_sub_indikator`, `point`) VALUES
(1, 1, 'ADA, DI RUMAH PRIBADI', 1),
(2, 1, 'ADA, SEWA', 2),
(3, 1, 'ADA, MILIK PEMDA, SEMIPERMANEN', 3),
(4, 1, 'ADA, MILIK PEMDA, PERMANEN', 4),
(5, 2, 'TIDAK ADA', 1),
(6, 2, 'ADA, MILIK PEMDA, SEMIPERMANEN', 2),
(7, 2, 'ADA, MILIK PEMDA, PERMANEN', 3),
(8, 3, '50% BUKAN PNS', 1),
(9, 3, 'DI ATAS 50% PNS', 2),
(10, 4, 'TIDAK ADA', 1),
(11, 4, 'ADA', 2),
(12, 5, 'TIDAK ADA', 1),
(13, 5, 'ADA', 2),
(14, 6, 'TIDAK ADA', 1),
(15, 6, 'ADA', 2),
(16, 7, 'TIDAK ADA', 1),
(17, 7, 'ADA', 2),
(18, 8, 'TIDAK ADA', 1),
(19, 8, 'ADA', 2),
(20, 9, 'TIDAK ADA', 1),
(21, 9, 'ADA', 2),
(22, 10, 'TIDAK ADA', 1),
(23, 10, 'ADA', 2),
(24, 11, 'TIDAK ADA', 1),
(25, 11, 'ADA TAPI TIDAK DIMANFAATKAN', 2),
(26, 11, 'ADA DAN DIMANFAATKAN', 3),
(27, 12, 'TIDAK ADA', 1),
(28, 12, 'ADA', 2),
(29, 13, 'TIDAK ADA', 1),
(30, 13, 'ADA', 2),
(31, 14, 'TIDAK ADA', 1),
(32, 14, 'ADA', 2),
(33, 15, 'TIDAK ADA', 1),
(34, 15, 'ADA', 2),
(35, 16, 'TIDAK ADA', 1),
(36, 16, 'ADA', 2),
(37, 17, 'TIDAK ADA', 1),
(38, 17, 'ADA', 4),
(39, 18, 'TIDAK ADA', 1),
(40, 18, 'ADA', 2),
(41, 19, 'TIDAK ADA', 1),
(42, 19, 'ADA', 2),
(43, 20, 'TIDAK ADA', 1),
(44, 20, 'ADA', 2),
(45, 21, 'TIDAK ADA', 1),
(46, 21, 'ADA', 2),
(47, 22, 'TIDAK ADA', 1),
(48, 22, 'ADA', 2),
(49, 23, 'TIDAK ADA', 1),
(50, 23, 'ADA', 2),
(51, 24, 'TIDAK ADA', 1),
(52, 24, 'ADA', 4),
(53, 25, 'TIDAK ADA', 1),
(54, 25, 'ADA', 4),
(55, 26, 'TIDAK ADA', 1),
(56, 26, 'ADA', 2),
(57, 27, 'TIDAK ADA', 1),
(58, 27, 'ADA', 2),
(59, 28, 'TIDAK ADA', 1),
(60, 28, 'ADA', 2),
(61, 29, 'TIDAK ADA', 1),
(62, 29, 'ADA', 2),
(63, 30, 'TIDAK ADA', 1),
(64, 30, 'ADA', 2),
(65, 31, 'TIDAK ADA', 1),
(66, 31, 'ADA', 2),
(67, 32, 'TIDAK ADA', 1),
(68, 32, 'ADA', 2),
(69, 33, 'TIDAK ADA', 1),
(70, 33, 'ADA', 2),
(71, 34, 'BELUM ADA', 1),
(72, 34, 'ADA', 2),
(73, 35, 'TIDAK ADA', 1),
(74, 35, 'ADA', 2),
(75, 36, 'TIDAK ADA', 1),
(76, 36, 'ADA', 2),
(77, 37, 'TIDAK ADA', 1),
(78, 37, 'ADA', 2),
(79, 38, 'TIDAK ADA', 1),
(80, 38, 'ADA', 2),
(81, 39, 'TIDAK ADA', 1),
(82, 39, 'ADA', 2),
(83, 40, 'TIDAK ADA', 1),
(84, 40, 'ADA', 2),
(85, 41, 'TIDAK ADA', 1),
(86, 41, 'ADA', 2),
(87, 42, 'TIDAK ADA', 1),
(88, 42, 'ADA', 2),
(89, 43, 'TIDAK ADA', 1),
(90, 43, 'ADA', 2),
(91, 44, 'TIDAK ADA', 1),
(92, 44, 'ADA', 2),
(93, 45, 'TIDAK ADA', 1),
(94, 45, 'ADA', 2),
(95, 46, 'TIDAK ADA', 1),
(96, 46, 'ADA', 2),
(97, 47, 'TIDAK ADA', 1),
(98, 47, 'ADA', 2),
(99, 48, 'TIDAK ADA', 1),
(100, 48, 'ADA', 2),
(101, 49, 'TIDAK ADA', 1),
(102, 49, 'ADA', 2),
(103, 50, 'TIDAK ADA', 1),
(104, 50, 'ADA', 2),
(105, 51, 'TIDAK ADA', 1),
(106, 51, 'ADA', 2),
(107, 52, 'TIDAK ADA', 1),
(108, 52, 'ADA', 2),
(109, 53, 'TIDAK ADA', 1),
(110, 53, 'ADA', 2),
(111, 54, 'TIDAK ADA', 1),
(112, 54, 'ADA', 2),
(113, 55, 'TIDAK ADA', 1),
(114, 55, 'ADA', 2),
(115, 56, 'TIDAK ADA', 1),
(116, 56, 'ADA', 2),
(117, 57, 'TIDAK ADA', 1),
(118, 57, 'ADA', 2),
(119, 58, 'TIDAK ADA', 1),
(120, 58, 'ADA', 2),
(121, 59, 'TIDAK ADA', 1),
(122, 59, 'ADA', 2),
(123, 60, 'TIDAK ADA', 1),
(124, 60, 'ADA', 2),
(125, 61, 'TIDAK ADA', 1),
(126, 61, 'ADA', 2),
(127, 62, 'TIDAK ADA', 1),
(128, 62, 'ADA', 2),
(129, 63, 'TIDAK ADA', 1),
(130, 63, 'ADA', 2),
(131, 64, 'TIDAK ADA', 1),
(132, 64, 'ADA', 2),
(133, 65, 'TIDAK ADA', 1),
(134, 65, 'ADA', 2),
(135, 66, 'TIDAK ADA', 1),
(136, 66, 'ADA', 2),
(137, 67, 'TIDAK ADA', 1),
(138, 67, 'ADA', 2),
(139, 68, 'TIDAK ADA', 1),
(140, 68, 'ADA', 2),
(141, 69, 'TIDAK ADA', 1),
(142, 69, 'ADA', 2),
(143, 70, 'TIDAK ADA', 1),
(144, 70, 'ADA', 2),
(145, 71, 'TIDAK ADA', 1),
(146, 71, 'ADA', 2),
(147, 72, 'TIDAK ADA', 1),
(148, 72, 'ADA', 4),
(149, 73, 'TIDAK ADA', 1),
(150, 73, 'ADA', 2),
(151, 74, 'TIDAK ADA', 1),
(152, 74, 'ADA', 2),
(153, 75, 'TIDAK ADA', 1),
(154, 75, 'ADA', 2),
(155, 76, 'TIDAK ADA', 1),
(156, 76, 'ADA', 2),
(157, 77, 'TIDAK ADA', 1),
(158, 77, 'ADA', 2),
(159, 78, 'TIDAK ADA', 1),
(160, 78, 'ADA', 2),
(161, 79, 'TIDAK ADA', 1),
(162, 79, 'ADA', 2),
(163, 80, 'TIDAK ADA', 1),
(164, 80, 'ADA', 2),
(165, 81, 'TIDAK ADA', 1),
(166, 81, 'ADA', 2),
(167, 82, 'TIDAK ADA', 1),
(168, 82, 'ADA', 2),
(169, 83, 'TIDAK ADA', 1),
(170, 83, 'ADA', 2),
(171, 84, 'TIDAK ADA', 1),
(172, 84, 'ADA', 2),
(173, 85, 'TIDAK ADA', 1),
(174, 85, 'ADA', 2),
(175, 86, 'TIDAK ADA', 1),
(176, 86, 'ADA', 2),
(177, 87, 'TIDAK ADA', 1),
(178, 87, 'ADA', 2),
(179, 88, 'TIDAK ADA', 1),
(180, 88, 'ADA', 2),
(181, 89, 'TIDAK ADA', 1),
(182, 89, 'ADA', 2),
(183, 90, 'TIDAK ADA', 1),
(184, 90, 'ADA', 2),
(185, 91, 'TIDAK ADA', 1),
(186, 91, 'ADA', 2),
(187, 92, 'TIDAK ADA', 1),
(188, 92, 'ADA', 2),
(189, 93, 'TIDAK ADA', 1),
(190, 93, 'ADA', 2),
(191, 94, 'TIDAK ADA', 1),
(192, 94, 'ADA', 2),
(193, 95, 'TIDAK ADA', 1),
(194, 95, 'ADA', 2),
(195, 96, 'TIDAK ADA', 1),
(196, 96, 'ADA', 2),
(197, 97, 'TIDAK ADA', 1),
(198, 97, 'ADA', 2),
(199, 98, 'TIDAK ADA', 1),
(200, 98, 'ADA', 2),
(201, 99, 'TIDAK ADA', 1),
(202, 99, 'ADA', 2),
(203, 100, 'TIDAK ADA', 1),
(204, 100, 'ADA', 2),
(205, 101, 'TIDAK ADA', 1),
(206, 101, 'ADA', 2),
(207, 102, 'TIDAK ADA', 1),
(208, 102, 'ADA', 2),
(209, 103, 'TIDAK ADA', 4),
(210, 103, 'ADA', 1),
(211, 104, 'TIDAK ADA', 4),
(212, 104, 'ADA', 1),
(213, 105, 'TIDAK ADA', 4),
(214, 105, 'ADA', 1),
(219, 107, 'TIDAK ADA', 1),
(220, 107, 'ADA', 5),
(221, 108, 'TIDAK SEIMBANG', 1),
(222, 108, 'SEIMBANG', 3),
(223, 109, 'TIDAK ADA', 1),
(224, 109, 'ADA', 2),
(225, 110, 'TIDAK ADA TIM PENGELOLA KEGIATAN', 1),
(226, 110, 'ADA TIM PENGELOLA KEGIATAN', 2),
(227, 111, 'TIDAK ADA', 1),
(228, 111, 'ADA', 4),
(229, 112, 'TIDAK ADA', 1),
(230, 112, 'ADA', 2),
(231, 113, 'TIDAK ADA', 1),
(232, 113, 'ADA', 2),
(233, 114, 'TIDAK ADA', 1),
(234, 114, 'ADA', 2),
(235, 115, 'TIDAK ADA', 1),
(236, 115, 'ADA', 2),
(237, 116, 'TIDAK ADA', 1),
(238, 116, 'ADA', 2),
(239, 117, 'TIDAK ADA', 1),
(240, 117, 'ADA', 2),
(241, 118, 'TIDAK ADA', 1),
(242, 118, 'ADA', 2),
(243, 119, 'TIDAK ADA', 1),
(244, 119, 'ADA', 2),
(245, 120, 'TIDAK ADA', 1),
(246, 120, 'ADA', 4),
(247, 121, 'TIDAK ADA', 1),
(248, 121, 'ADA', 2),
(249, 122, 'TIDAK ADA', 1),
(250, 122, 'ADA', 4),
(251, 123, 'TEREALISASI 1 KEGIATAN', 1),
(252, 123, 'TEREALISASI di atas 1 KEGIATAN', 2),
(253, 124, 'TIDAK LENGKAP', 1),
(254, 124, 'LENGKAP', 2),
(255, 125, 'TIDAK LENGKAP', 1),
(256, 125, 'LENGKAP', 2),
(257, 126, 'TIDAK ADA', 1),
(258, 126, 'ADA', 2),
(259, 127, 'TIDAK ADA', 1),
(260, 127, 'ADA', 2),
(261, 128, 'TIDAK ADA', 1),
(262, 128, 'ADA', 2),
(263, 129, 'TIDAK ADA', 1),
(264, 129, 'ADA', 2),
(265, 130, 'TIDAK ADA', 1),
(266, 130, 'ADA', 2),
(267, 131, 'TIDAK ADA', 4),
(268, 131, 'ADA', 1),
(269, 132, 'TIDAK ADA', 4),
(270, 132, 'ADA', 1),
(271, 133, 'TIDAK ADA', 4),
(272, 133, 'ADA', 1),
(273, 134, 'TIDAK ADA', 4),
(274, 134, 'ADA', 1),
(275, 135, 'TIDAK ADA', 4),
(276, 135, 'ADA', 1),
(277, 136, 'TIDAK ADA', 2),
(278, 136, 'ADA', 1),
(279, 137, 'TIDAK ADA', 2),
(280, 137, 'ADA', 1),
(281, 138, 'TIDAK ADA', 2),
(282, 138, 'ADA', 1),
(283, 139, 'TIDAK ADA', 4),
(284, 139, 'ADA', 1),
(285, 140, 'TIDAK ADA', 4),
(286, 140, 'ADA', 1),
(287, 141, 'TIDAK ADA', 4),
(288, 141, 'ADA', 1),
(289, 142, 'TIDAK ADA', 4),
(290, 142, 'ADA', 1),
(291, 143, 'TIDAK ADA', 4),
(292, 143, 'ADA', 1),
(293, 144, 'TIDAK ADA', 4),
(294, 144, 'ADA', 1),
(295, 145, 'TIDAK ADA', 4),
(296, 145, 'ADA', 1),
(297, 146, 'TIDAK ADA', 4),
(298, 146, 'ADA', 1),
(299, 147, 'TIDAK ADA', 4),
(300, 147, 'ADA', 1),
(301, 148, 'TIDAK ADA', 4),
(302, 148, 'ADA', 1),
(303, 149, 'TIDAK ADA', 4),
(304, 149, 'ADA', 1),
(305, 150, 'TIDAK ADA', 4),
(306, 150, 'ADA', 1),
(307, 151, 'KURANG DARI 1%', 4),
(308, 151, 'LEBIH DARI 1%', 1),
(309, 152, 'KURANG DARI 1%', 4),
(310, 152, 'LEBIH DARI 1%', 1),
(311, 153, 'KURANG DARI 1%', 1),
(312, 153, 'LEBIH DARI 1%', 4),
(313, 154, 'KURANG DARI 1%', 1),
(314, 154, 'LEBIH DARI 1%', 4),
(315, 155, 'KURANG DARI 1%', 1),
(316, 155, 'LEBIH DARI 1%', 4),
(317, 156, 'KURANG DARI 1%', 1),
(318, 156, 'LEBIH DARI 1%', 4),
(319, 157, 'PENURUNAN KURANG DARI 10% DARI TAHUN SEBELUMNYA', 1),
(320, 157, 'PENURUNAN DI ATAS 10% DARI TAHUN SEBELUMNYA', 4),
(321, 158, 'PENURUNAN KURANG DARI 10% DARI TAHUN SEBELUMNYA', 1),
(322, 158, 'PENURUNAN DI ATAS 10% DARI TAHUN SEBELUMNYA', 2),
(323, 159, 'KURANG DARI 1%', 2),
(324, 159, 'DI ATAS 1%', 1),
(325, 160, 'TIDAK ADA', 1),
(326, 160, 'ADA', 4),
(327, 161, 'PRATAMA', 1),
(328, 161, 'DI ATAS PRATAMA', 4),
(329, 162, 'TIDAK ADA', 1),
(330, 162, 'ADA', 2),
(331, 163, 'MENURUN', 1),
(332, 163, 'TETAP', 2),
(333, 163, 'MENIGKAT', 3),
(334, 164, 'MENURUN', 3),
(335, 164, 'TETAP', 2),
(336, 164, 'MENIGKAT', 1),
(337, 165, 'MENURUN', 1),
(338, 165, 'TETAP', 2),
(339, 165, 'MENIGKAT', 3),
(340, 166, 'MENURUN', 3),
(341, 166, 'TETAP', 2),
(342, 166, 'MENIGKAT', 1),
(343, 167, 'MENURUN', 3),
(344, 167, 'TETAP', 2),
(345, 167, 'MENIGKAT', 1),
(346, 168, 'TIDAK ADA', 1),
(347, 168, 'ADA', 2),
(348, 169, 'TIDAK ADA', 1),
(349, 169, 'ADA', 2),
(350, 170, 'TIDAK ADA', 1),
(351, 170, 'ADA', 2),
(352, 171, 'KURANG DARI 10%', 4),
(353, 171, 'LEBIH DARI ATAU SAMA DENGAN 10%', 1),
(354, 175, 'TIDAK ADA', 1),
(355, 175, 'ADA', 2),
(356, 176, 'TIDAK ADA', 1),
(357, 176, 'ADA', 2),
(358, 177, 'TIDAK ADA', 1),
(359, 177, 'ADA', 2),
(360, 178, 'TIDAK ADA', 1),
(361, 178, 'ADA', 2),
(362, 179, 'TIDAK ADA', 1),
(363, 179, 'ADA', 3),
(364, 180, 'TIDAK ADA', 1),
(365, 180, 'ADA', 2),
(366, 181, '1-3', 1),
(367, 181, 'LEBIH DARI 3', 2),
(370, 184, '1-3', 1),
(371, 184, 'LEBIH DARI 3', 2),
(372, 172, 'Pertanian', 0),
(373, 173, 'Industri', 0),
(374, 174, 'Jasa', 0);

-- --------------------------------------------------------

--
-- Table structure for table `penilaian`
--

CREATE TABLE `penilaian` (
  `id` int NOT NULL,
  `id_alternatif` int NOT NULL,
  `id_kriteria` int NOT NULL,
  `nilai` double(8,3) NOT NULL
) ENGINE=InnoDB DEFAULT CHARSET=utf8mb4 COLLATE=utf8mb4_0900_ai_ci;

--
-- Dumping data for table `penilaian`
--

INSERT INTO `penilaian` (`id`, `id_alternatif`, `id_kriteria`, `nilai`) VALUES
(2357, 3, 1, 93.000),
(2358, 4, 1, 87.000),
(2359, 5, 1, 77.000),
(2360, 6, 1, 80.000),
(2361, 3, 2, 75.000),
(2362, 4, 2, 75.000),
(2363, 5, 2, 83.333),
(2364, 6, 2, 100.000),
(2365, 3, 3, 220.000),
(2366, 4, 3, 205.000),
(2367, 5, 3, 190.000),
(2368, 6, 3, 188.000);

-- --------------------------------------------------------

--
-- Table structure for table `periode`
--

CREATE TABLE `periode` (
  `id` int NOT NULL,
  `periode` varchar(4) NOT NULL,
  `tutup_periode_administrasi` varchar(1) CHARACTER SET utf8mb4 COLLATE utf8mb4_0900_ai_ci NOT NULL DEFAULT '0',
  `tutup_periode` varchar(1) NOT NULL DEFAULT '0'
) ENGINE=InnoDB DEFAULT CHARSET=utf8mb4 COLLATE=utf8mb4_0900_ai_ci;

--
-- Dumping data for table `periode`
--

INSERT INTO `periode` (`id`, `periode`, `tutup_periode_administrasi`, `tutup_periode`) VALUES
(3, '2020', '1', '0'),
(4, '2021', '0', '0'),
(7, '2022', '0', '0');

-- --------------------------------------------------------

--
-- Table structure for table `sub_indikator`
--

CREATE TABLE `sub_indikator` (
  `id` int NOT NULL,
  `id_indikator` int NOT NULL,
  `nama_sub_indikator` varchar(225) NOT NULL
) ENGINE=InnoDB DEFAULT CHARSET=utf8mb4 COLLATE=utf8mb4_0900_ai_ci;

--
-- Dumping data for table `sub_indikator`
--

INSERT INTO `sub_indikator` (`id`, `id_indikator`, `nama_sub_indikator`) VALUES
(1, 1, 'Gedung kantor'),
(2, 1, 'Gedung Pertemuan'),
(3, 1, 'Perangkat Kelurahan'),
(4, 1, 'Mesin tik/komputer'),
(5, 1, 'Kendaraan dinas lurah'),
(6, 1, 'Struktur Organisasi'),
(7, 1, 'Jaringan Listrik'),
(8, 1, 'Sumber Daya Listrik (PLN)'),
(9, 1, 'Sumber Daya Listrik (NON-PLN)'),
(10, 1, 'Perpustakaan'),
(11, 2, 'Kotak Pengaduan Masyarakat'),
(12, 3, 'Laporan Kinerja Tahunan'),
(13, 3, 'Laporan Tahunan Lurah'),
(14, 3, 'Papan Informasi Pelayanan'),
(15, 3, 'Loket Pelayanan'),
(16, 3, 'Buku Registrasi Pelayanan'),
(17, 3, 'Buku Profil Kelurahan'),
(18, 3, 'Buku Administrasi Umum'),
(19, 3, 'Buku Administrasi Kependudukan'),
(20, 3, 'Buku Administrasi Keuangan'),
(21, 3, 'Buku Administrasi Pembangunan'),
(22, 3, 'Buku Administrasi Lainnya'),
(23, 3, 'Kartu Uraian Tugas '),
(24, 3, 'Peta Wilayah Kelurahan'),
(25, 3, 'Peta Batas Kelurahan'),
(26, 4, 'Perencanaan Pembangunan Partisipatif Masyarakat (P3MD) (Khusus diisi oleh Desa)'),
(27, 4, 'Peningkatan kapasitas kelompok masyarakat 2 tahun terakhir'),
(28, 4, 'Fasilitasi dalam pemasaran produk unggulan dari masyarakat'),
(29, 4, 'Ada tidaknya regulasi dalam pemberdayaan masyarakat'),
(30, 4, 'melakukan forum-forum kebersamaan seperti gotong royong 2 tahun terakhir'),
(31, 4, 'Reward bagi perangkat dan kelompok masyarakat'),
(32, 4, 'apakah telah mendata kehadiran pegawai secara rutin'),
(33, 4, 'apakah telah memiliki standar jam pelayanan'),
(34, 4, 'apakah sudah memiliki Standar Operasional Prosedur (SOP) pelayanan masyarakat'),
(35, 5, 'Visi dan misi pemberdayaan masyarakat'),
(36, 5, 'Kebijakan dalam rangka pemberdayaan masyarakat'),
(37, 5, 'Eksistensi institusi pemberdayaan masyarakat dan aparatur'),
(38, 5, 'Alokasi anggaran untuk program pemberdayaan masyarakat dan aparatur desa'),
(39, 5, 'Kebijakan pemerintah desa dalam pengentasan kemiskinan di pedesaan'),
(40, 5, 'Alokasi anggaran untuk program pengentasan kemiskinan'),
(41, 6, 'Jaringan Internet'),
(42, 6, 'Website Desa'),
(43, 7, 'Software Dengan Spesifikasi Minimal Untuk Operasi Jaringan Internet'),
(44, 7, 'Hardware Dengan Spesifikasi Minimal Untuk Operasi Jaringan Internet'),
(45, 8, 'Administrasi umum'),
(46, 8, 'Administrasi kependudukan'),
(47, 8, 'Administrasi keuangan'),
(48, 8, 'Administrasi BPD'),
(49, 8, 'Administrasi pembangunan'),
(50, 8, 'Administrasi lainnya'),
(51, 8, 'Perangkat yang mengelola Teknologi Informasi'),
(52, 8, 'Tersedia tokoh pemuda teknopreneur di tingkat RT/RW'),
(53, 8, 'Perpustakan online'),
(54, 8, 'Internet gratis/HotSpot'),
(55, 9, 'Pembinaan Partisipasi Masyarakat dalam Pelestarian Adat dan Budaya'),
(56, 9, 'Keterlibatan Kelembagaan Adat dalam Pelestarian Adat dan Budaya'),
(57, 9, 'Pembinaan Seni Budaya Setempat'),
(58, 9, 'Kebijakan Menjaga kelestarian adat'),
(59, 9, 'Alokasi Anggaran Pelestarian Adat'),
(60, 10, 'Adanya produk unggulan'),
(61, 10, 'Adanya Peran pemerintah dalam mengelola produk unggulan.'),
(62, 10, 'Adanya keuntungan finansial untuk dari aktivitas ekonomi produktif.'),
(63, 10, 'Adanya keuntungan sosial dari aktivitas ekonomi produktif.'),
(64, 10, 'Adanya kegiatan kreatif yang membutuhkan teknologi.'),
(65, 11, 'Adanya pelembagaan aktivitas inovasi masyarakat (mis. UMKM, koperasi, cluster)'),
(66, 11, 'Adanya peta rencana (roadmap inovasi) secara berkelanjutan dalam mengembangkan produk unggulan desa'),
(67, 12, 'Interkoneksitas yang terbangun dalam pengelolaan produk inovasi masyarakat (mis. adanya divisi kerjasama dalam manajemen UMKM/BUMDes).'),
(68, 12, 'Kesepahaman dan kerjasama dengan pemerintahan sekitar dalam pengelolaan potensi khususnya produk unggulan.'),
(69, 12, 'Dukungan pemerintahan supra (mis. kecamatan, kabupaten, provinsi, atau pusat) bagi pengembangan produk unggulan.'),
(70, 12, 'Jaringan pengembangan (mis. dukungan dunia pendidikan dan keterampilan) untuk peningkatan kualitas produk unggulan. '),
(71, 12, 'Jejaring Kerjasama dengan pihak ketiga dalam pemasaran produk inovasi.'),
(72, 13, 'Teknologi tepat guna yang ditemukan masyarakat 2 tahun terakhir.'),
(73, 13, 'Pemanfaatan teknologi tepat guna.'),
(74, 13, 'Lembaga penyedia teknologi.'),
(75, 13, 'Aktivitas masyarakat dalam pengembangan produk'),
(76, 13, 'Upaya pelestarian pengembangan produk.'),
(77, 14, 'Adanya integrasi antara peta rencana (roadmap) inovasi dengan perencanaan pembangunan tahunan dan lima tahunan (Mis. Rencana Pembangunan Jangka Pendek dan Menengah).'),
(78, 14, 'Adanya sinergi pengembangan inovasi dengan kerangka Sistem Inovasi Daerah (SIDa).'),
(79, 15, 'Penemuan inovasi yang ramah lingkungan'),
(80, 15, 'Kemampuan penyesuaian produk inovasi terhadap dinamika tuntutan konsumen/pasar'),
(81, 15, 'Adanya rencana pengembangan produk inovasi di dalam maupun di luar desa dan kelurahan'),
(82, 15, 'Adanya sinergi berbagai lembaga dalam pembangunan inovatif (Heksagonal)'),
(83, 16, 'Spesialisasi Produk Unggulan'),
(84, 16, 'Dukungan Penelitian dan Pengembangan'),
(85, 16, 'Pengembangan Sumber Daya Manusia ataupun dari Supranya'),
(86, 16, 'Ketersediaan dan Akses Bahan Baku dari dalam desa dan kelurahan'),
(87, 16, 'Ketersediaan Sumberdaya Modal dari pemerintah Desa dan Kelurahan atau pihak ke tiga'),
(88, 16, 'Pelatihan Kewirausahaan'),
(89, 16, 'Adanya Kepemimpinan dan Visi Bersama dalam mengembangkan dan mengelola potensi Desa dan Kelurahan'),
(90, 17, 'Adanya musyawarah perencanaan identifikasi bencana'),
(91, 18, 'Ketersediaan peta bencana beserta rambu-rambunya'),
(92, 18, 'Sosialisasi mengenai peta bencana pada masyarakat dalam waktu 2 tahun terakhir ini'),
(93, 19, 'Pengetahuan dan simulasi dalam menghadapi Risiko 2 tahun terakhir'),
(94, 19, 'Sistem Pemantauan yang dikembangkan pemerintah Desa dan Kelurahan dalam menghadapi bencana'),
(95, 19, 'Layanan TIM penanganan bencana yang di bentuk Desa dan Kelurahan'),
(96, 19, 'Penyebarluasan dan Komunikasi tanggap bencana'),
(97, 19, 'Alat deteksi dini bencana'),
(98, 20, 'Tempat Evakuasi'),
(99, 20, 'Jalur Evakuasi'),
(100, 20, 'Sarana Evakuasi'),
(101, 21, 'Investasi yang masik ke Desa dan Kelurahan dalam 2 tahun terakhir'),
(102, 21, 'Apakah melibatkan BPD dan Pemerintah Desa dan Kelurahan'),
(103, 21, 'Menyebabkan terjadinya pembebanan pada Desa dan Kelurahan'),
(104, 21, 'Menyebabkan terjadinya alih fungsi lahan pertanian'),
(105, 21, 'Mengurangi jumlah kepemilikan Tanah Desa/Tanah Kas Desa (Khusus Diisi Oleh Desa)'),
(107, 22, 'Partisipasi Masyarakat'),
(108, 22, 'Rasio Laki-Laki Dan Perempuan'),
(109, 23, 'Partisipasi Pendanaan Masyarakat'),
(110, 24, 'Partisipasi Pengelolaan Pembangunan oleh Masyarakat'),
(111, 25, 'Aktifitas Gotong Royong Penduduk'),
(112, 26, 'Aktifitas Organisasi Pemuda'),
(113, 27, 'Aktifitas Organisasi Profesi'),
(114, 28, 'Aktifitas Organisasi Olah Raga'),
(115, 29, 'Aktifitas LPM'),
(116, 30, 'Aktifitas Kelompok Gotong Royong'),
(117, 31, 'Aktifitas Karang Taruna '),
(118, 32, 'Aktifitas Lembaga Adat, Budaya, Dan Kesenian'),
(119, 33, 'Aktifitas Kelompok Usaha'),
(120, 34, 'Memiliki Koperasi'),
(121, 35, 'Aktifitas Organisasi Perempuan'),
(122, 36, 'Keberadaan PKK'),
(123, 37, 'Realisasi 10 Program Pokok'),
(124, 38, 'Kelengkapan Kelompok Kerja'),
(125, 38, 'Kelengkapan Kelompok Dasawisma'),
(126, 39, 'Kerja sama pelestarian lingkungan'),
(127, 39, 'Kerja sama pemantauan limbah perusahaan yang ada di desa'),
(128, 39, 'Kerja sama pendaur ulangan limbah'),
(129, 39, 'Petugas keamanan lingkungan (Linmas)'),
(130, 39, 'Pos kamling (Keamanan Lingkungan)'),
(131, 40, 'Konflik antar kelompok'),
(132, 40, 'Konflik antar suku '),
(133, 40, 'Konflik berbau agama/kepercayaan'),
(134, 40, 'Konflik antar RAS '),
(135, 41, 'Kasus perkelahian yang menimbulkan korban dalam 2 tahun terakhir'),
(136, 42, 'Kasus pencurian/perampokan biasa'),
(137, 42, 'Kasus pencurian/perampokan dengan kekerasan'),
(138, 43, 'Jumlah kasus perjudian dengan berbagai modus '),
(139, 44, 'Jumlah kasus narkoba dengan pelaku pemerintah desa'),
(140, 44, 'Anggota Masyarakat yang Terkena Narkoba'),
(141, 45, 'Jumlah kasus prostitusi dengan berbagai modus'),
(142, 46, 'Jumlah kasus pembunuhan '),
(143, 46, 'Jumlah kasus pembunuhan yang korbannya penduduk desa setempat'),
(144, 46, 'Jumlah kasus pembunuhan yang pelakunya penduduk desa setempat '),
(145, 47, 'Jumlah kasus perkosaan '),
(146, 48, 'Kekerasan terhadap anak'),
(147, 48, 'Kekerasan terhadap anggota keluarga lainnya'),
(148, 49, 'Jumlah kasus penculikan '),
(149, 50, 'Kasus HIV/AIDS'),
(150, 51, 'Penduduk yang tidak bisa baca tulis'),
(151, 52, 'Jumlah Penduduk Tidak Tamat SD/sederajat'),
(152, 52, 'Jumlah Penduduk Tidak Tamat SLTP/sederajat'),
(153, 53, 'Jumlah penduduk tamat SLTA/sederajat'),
(154, 53, 'Jumlah penduduk tamat D3/Sarjana muda'),
(155, 53, 'Jumlah penduduk tamat Sarjana/S-1'),
(156, 53, 'Jumlah penduduk tamat Pasca Sarjana'),
(157, 54, 'Jumlah Kematian Bayi'),
(158, 55, 'Jumlah Balita Gizi Buruk'),
(159, 55, 'Jumlah Balita Meninggal'),
(160, 56, 'Keberadaan Posyandu'),
(161, 56, 'Kelembagaan'),
(162, 56, 'Jumlah RT Pengguna Sumber Air Lainnya'),
(163, 57, 'Total RT Mempunyai Jamban/WC sendiri'),
(164, 57, 'Total RT yang tidak memiliki jamban/WC sendiri'),
(165, 57, 'Total RT pengguna MCK umum'),
(166, 57, 'Total RT pengguna MCK di sungai/kali'),
(167, 57, 'Total RT yang tidak mendapat air bersih'),
(168, 58, 'Puskesmas/Balai Pengobatan'),
(169, 58, 'Bidan/Mantri/Dokter'),
(170, 58, 'Jamban Keluarga/MCK'),
(171, 59, 'Jumlah penduduk usia 15-65 tahun yang tidak\r\nbekerja'),
(172, 60, 'Pertanian'),
(173, 60, 'Industri'),
(174, 60, 'Jasa'),
(175, 61, 'Pasar Tradisional'),
(176, 61, 'Toko/Kios'),
(177, 61, 'Pangkalan Ojek, Becak, Delman, Dan Sejenisnya'),
(178, 62, 'Data Masyarakat Miskin'),
(179, 63, 'Program Penanggulangan Kemiskinan'),
(180, 64, 'Penyusunan Analisis Kebutuhan Peningkatan Kapasitas Masyarakat'),
(181, 64, 'Banyaknya Kegiatan Dalam Peningkatan Kapasitas Masyarakat'),
(184, 65, 'Jumlah Jenis program Peningkatan Kapasitas Masyarakat');

-- --------------------------------------------------------

--
-- Table structure for table `sub_presentasi`
--

CREATE TABLE `sub_presentasi` (
  `id` int NOT NULL,
  `id_alternatif` int NOT NULL,
  `isi_materi` int NOT NULL,
  `organisir_waktu` int NOT NULL,
  `tanya_jawab` int NOT NULL
) ENGINE=InnoDB DEFAULT CHARSET=utf8mb4 COLLATE=utf8mb4_0900_ai_ci;

--
-- Dumping data for table `sub_presentasi`
--

INSERT INTO `sub_presentasi` (`id`, `id_alternatif`, `isi_materi`, `organisir_waktu`, `tanya_jawab`) VALUES
(3, 4, 86, 87, 88),
(4, 5, 76, 77, 78),
(5, 6, 79, 80, 81),
(6, 3, 92, 93, 94);

-- --------------------------------------------------------

--
-- Table structure for table `sub_verifikasi_lapangan`
--

CREATE TABLE `sub_verifikasi_lapangan` (
  `id` int NOT NULL,
  `id_alternatif` int NOT NULL,
  `id_nilai_sub_indikator` int NOT NULL,
  `tak_bernilai` varchar(1) NOT NULL DEFAULT '0',
  `hasil_verifikasi` varchar(1) DEFAULT NULL,
  `verifikasi_oleh` int DEFAULT NULL
) ENGINE=InnoDB DEFAULT CHARSET=utf8mb4 COLLATE=utf8mb4_0900_ai_ci;

--
-- Dumping data for table `sub_verifikasi_lapangan`
--

INSERT INTO `sub_verifikasi_lapangan` (`id`, `id_alternatif`, `id_nilai_sub_indikator`, `tak_bernilai`, `hasil_verifikasi`, `verifikasi_oleh`) VALUES
(1, 3, 4, '0', '1', 10),
(2, 3, 7, '0', '1', 10),
(3, 3, 9, '0', '1', 10),
(4, 3, 11, '0', '1', 10),
(5, 3, 13, '0', '1', 10),
(6, 3, 15, '0', '1', 10),
(7, 3, 17, '0', '1', 10),
(8, 3, 19, '0', '1', 10),
(9, 3, 21, '0', '1', 10),
(10, 3, 23, '0', '1', 10),
(11, 3, 26, '0', '1', 10),
(12, 3, 28, '0', '1', 10),
(13, 3, 30, '0', '1', 10),
(14, 3, 32, '0', '1', 10),
(15, 3, 34, '0', '1', 10),
(16, 3, 36, '0', '1', 10),
(17, 3, 38, '0', '1', 10),
(18, 3, 40, '0', '1', 10),
(19, 3, 42, '0', '1', 10),
(20, 3, 44, '0', '1', 10),
(21, 3, 46, '0', '1', 10),
(22, 3, 48, '0', '1', 10),
(23, 3, 50, '0', '1', 10),
(24, 3, 52, '0', '1', 10),
(25, 3, 54, '0', '1', 10),
(26, 3, 56, '0', '1', 10),
(27, 3, 58, '0', '1', 10),
(28, 3, 60, '0', '1', 10),
(29, 3, 62, '0', '1', 10),
(30, 3, 64, '0', '1', 10),
(31, 3, 66, '0', '1', 10),
(32, 3, 68, '0', '1', 10),
(33, 3, 69, '0', '1', 10),
(34, 3, 71, '0', '1', 10),
(35, 3, 73, '0', '1', 10),
(36, 3, 75, '0', '1', 10),
(37, 3, 77, '0', '1', 10),
(38, 3, 79, '0', '1', 10),
(39, 3, 81, '0', '1', 10),
(40, 3, 83, '0', '1', 10),
(41, 3, 85, '0', '1', 10),
(42, 3, 87, '0', '1', 10),
(43, 3, 89, '0', '1', 10),
(44, 3, 91, '0', '1', 10),
(45, 3, 93, '0', '1', 10),
(46, 3, 95, '0', '1', 10),
(47, 3, 97, '0', '1', 10),
(48, 3, 99, '0', '1', 10),
(49, 3, 101, '0', '1', 10),
(50, 3, 103, '0', '1', 10),
(51, 3, 105, '0', '1', 10),
(52, 3, 107, '0', '1', 10),
(53, 3, 109, '0', '1', 10),
(54, 3, 111, '0', '1', 10),
(55, 3, 113, '0', '1', 10),
(56, 3, 115, '0', '1', 10),
(57, 3, 117, '0', '1', 10),
(58, 3, 119, '0', '1', 10),
(59, 3, 121, '0', '1', 10),
(60, 3, 123, '0', '1', 10),
(61, 3, 125, '0', '1', 10),
(62, 3, 127, '0', '1', 10),
(63, 3, 129, '0', '1', 10),
(64, 3, 131, '0', '1', 10),
(65, 3, 133, '0', '1', 10),
(66, 3, 135, '0', '1', 10),
(67, 3, 137, '0', '1', 10),
(68, 3, 139, '0', '1', 10),
(69, 3, 141, '0', '1', 10),
(70, 3, 143, '0', '1', 10),
(71, 3, 145, '0', '1', 10),
(72, 3, 147, '0', '1', 10),
(73, 3, 149, '0', '1', 10),
(74, 3, 151, '0', '1', 10),
(75, 3, 153, '0', '1', 10),
(76, 3, 155, '0', '1', 10),
(77, 3, 157, '0', '1', 10),
(78, 3, 159, '0', '1', 10),
(79, 3, 161, '0', '1', 10),
(80, 3, 163, '0', '1', 10),
(81, 3, 165, '0', '1', 10),
(82, 3, 167, '0', '1', 10),
(83, 3, 169, '0', '1', 10),
(84, 3, 171, '0', '1', 10),
(85, 3, 173, '0', '1', 10),
(86, 3, 175, '0', '1', 10),
(87, 3, 177, '0', '1', 10),
(88, 3, 179, '0', '1', 10),
(89, 3, 181, '0', '1', 10),
(90, 3, 183, '0', '1', 10),
(91, 3, 185, '0', '1', 10),
(92, 3, 187, '0', '1', 10),
(93, 3, 189, '0', '1', 10),
(94, 3, 191, '0', '1', 10),
(95, 3, 193, '0', '1', 10),
(96, 3, 195, '0', '1', 10),
(97, 3, 197, '0', '1', 10),
(98, 3, 199, '0', '1', 10),
(99, 3, 201, '0', '1', 10),
(100, 3, 203, '0', '1', 10),
(101, 3, 205, '0', '1', 10),
(102, 3, 207, '0', '1', 10),
(103, 3, 210, '0', '1', 10),
(104, 3, 212, '0', '1', 10),
(105, 3, 214, '0', '1', 10),
(106, 3, 219, '0', '1', 10),
(107, 3, 221, '0', '1', 10),
(108, 3, 223, '0', '1', 10),
(109, 3, 225, '0', '1', 10),
(110, 3, 227, '0', '1', 10),
(111, 3, 229, '0', '1', 10),
(112, 3, 231, '0', '1', 10),
(113, 3, 233, '0', '1', 10),
(114, 3, 235, '0', '1', 10),
(115, 3, 237, '0', '1', 10),
(116, 3, 239, '0', '1', 10),
(117, 3, 241, '0', '1', 10),
(118, 3, 243, '0', '1', 10),
(119, 3, 245, '0', '1', 10),
(120, 3, 247, '0', '1', 10),
(121, 3, 249, '0', '1', 10),
(122, 3, 251, '0', '1', 10),
(123, 3, 253, '0', '1', 10),
(124, 3, 255, '0', '1', 10),
(125, 3, 257, '0', '1', 10),
(126, 3, 259, '0', '1', 10),
(127, 3, 261, '0', '1', 10),
(128, 3, 263, '0', '1', 10),
(129, 3, 265, '0', '1', 10),
(130, 3, 268, '0', '1', 10),
(131, 3, 270, '0', '1', 10),
(132, 3, 272, '0', '1', 10),
(133, 3, 274, '0', '1', 10),
(134, 3, 276, '0', '1', 10),
(135, 3, 278, '0', '1', 10),
(136, 3, 280, '0', '1', 10),
(137, 3, 282, '0', '1', 10),
(138, 3, 284, '0', '1', 10),
(139, 3, 286, '0', '1', 10),
(140, 3, 288, '0', '1', 10),
(141, 3, 290, '0', '1', 10),
(142, 3, 292, '0', '1', 10),
(143, 3, 294, '0', '1', 10),
(144, 3, 296, '0', '1', 10),
(145, 3, 298, '0', '1', 10),
(146, 3, 300, '0', '1', 10),
(147, 3, 302, '0', '1', 10),
(148, 3, 304, '0', '1', 10),
(149, 3, 306, '0', '1', 10),
(150, 3, 308, '0', '1', 10),
(151, 3, 310, '0', '1', 10),
(152, 3, 311, '0', '1', 10),
(153, 3, 313, '0', '1', 10),
(154, 3, 315, '0', '1', 10),
(155, 3, 317, '0', '1', 10),
(156, 3, 319, '0', '1', 10),
(157, 3, 321, '0', '1', 10),
(158, 3, 324, '0', '1', 10),
(159, 3, 325, '0', '1', 10),
(160, 3, 327, '0', '1', 10),
(161, 3, 329, '0', '1', 10),
(162, 3, 331, '0', '1', 10),
(163, 3, 336, '0', '1', 10),
(164, 3, 337, '0', '1', 10),
(165, 3, 342, '0', '1', 10),
(166, 3, 345, '0', '1', 10),
(167, 3, 346, '0', '1', 10),
(168, 3, 348, '0', '1', 10),
(169, 3, 350, '0', '1', 10),
(170, 3, 353, '0', '1', 10),
(171, 3, 372, '1', '1', 10),
(172, 3, 354, '0', '1', 10),
(173, 3, 356, '0', '1', 10),
(174, 3, 358, '0', '1', 10),
(175, 3, 360, '0', '1', 10),
(176, 3, 362, '0', '1', 10),
(177, 3, 364, '0', '1', 10),
(178, 3, 366, '0', '1', 10),
(179, 3, 370, '0', '1', 10),
(180, 4, 4, '0', '1', 10),
(181, 4, 7, '0', '1', 10),
(182, 4, 9, '0', '1', 10),
(183, 4, 11, '0', '1', 10),
(184, 4, 13, '0', '1', 10),
(185, 4, 15, '0', '1', 10),
(186, 4, 17, '0', '1', 10),
(187, 4, 19, '0', '1', 10),
(188, 4, 21, '0', '1', 10),
(189, 4, 23, '0', '1', 10),
(190, 4, 26, '0', '1', 10),
(191, 4, 28, '0', '1', 10),
(192, 4, 30, '0', '1', 10),
(193, 4, 32, '0', '1', 10),
(194, 4, 34, '0', '1', 10),
(195, 4, 36, '0', '1', 10),
(196, 4, 38, '0', '1', 10),
(197, 4, 40, '0', '1', 10),
(198, 4, 42, '0', '1', 10),
(199, 4, 44, '0', '1', 10),
(200, 4, 46, '0', '1', 10),
(201, 4, 47, '0', '1', 10),
(202, 4, 49, '0', '1', 10),
(203, 4, 51, '0', '1', 10),
(204, 4, 53, '0', '1', 10),
(205, 4, 55, '0', '1', 10),
(206, 4, 57, '0', '1', 10),
(207, 4, 59, '0', '1', 10),
(208, 4, 61, '0', '1', 10),
(209, 4, 63, '0', '1', 10),
(210, 4, 65, '0', '1', 10),
(211, 4, 67, '0', '1', 10),
(212, 4, 69, '0', '1', 10),
(213, 4, 71, '0', '1', 10),
(214, 4, 73, '0', '1', 10),
(215, 4, 75, '0', '1', 10),
(216, 4, 77, '0', '1', 10),
(217, 4, 79, '0', '1', 10),
(218, 4, 81, '0', '1', 10),
(219, 4, 83, '0', '1', 10),
(220, 4, 85, '0', '1', 10),
(221, 4, 87, '0', '1', 10),
(222, 4, 89, '0', '1', 10),
(223, 4, 91, '0', '1', 10),
(224, 4, 93, '0', '1', 10),
(225, 4, 95, '0', '1', 10),
(226, 4, 97, '0', '1', 10),
(227, 4, 99, '0', '1', 10),
(228, 4, 101, '0', '1', 10),
(229, 4, 103, '0', '1', 10),
(230, 4, 105, '0', '1', 10),
(231, 4, 107, '0', '1', 10),
(232, 4, 109, '0', '1', 10),
(233, 4, 111, '0', '1', 10),
(234, 4, 113, '0', '1', 10),
(235, 4, 115, '0', '1', 10),
(236, 4, 117, '0', '1', 10),
(237, 4, 119, '0', '1', 10),
(238, 4, 121, '0', '1', 10),
(239, 4, 123, '0', '1', 10),
(240, 4, 125, '0', '1', 10),
(241, 4, 127, '0', '1', 10),
(242, 4, 129, '0', '1', 10),
(243, 4, 131, '0', '1', 10),
(244, 4, 133, '0', '1', 10),
(245, 4, 135, '0', '1', 10),
(246, 4, 137, '0', '1', 10),
(247, 4, 139, '0', '1', 10),
(248, 4, 141, '0', '1', 10),
(249, 4, 143, '0', '1', 10),
(250, 4, 145, '0', '1', 10),
(251, 4, 147, '0', '1', 10),
(252, 4, 149, '0', '1', 10),
(253, 4, 151, '0', '1', 10),
(254, 4, 153, '0', '1', 10),
(255, 4, 155, '0', '1', 10),
(256, 4, 157, '0', '1', 10),
(257, 4, 159, '0', '1', 10),
(258, 4, 161, '0', '1', 10),
(259, 4, 163, '0', '1', 10),
(260, 4, 165, '0', '1', 10),
(261, 4, 167, '0', '1', 10),
(262, 4, 169, '0', '1', 10),
(263, 4, 171, '0', '1', 10),
(264, 4, 173, '0', '1', 10),
(265, 4, 175, '0', '1', 10),
(266, 4, 177, '0', '1', 10),
(267, 4, 179, '0', '1', 10),
(268, 4, 181, '0', '1', 10),
(269, 4, 183, '0', '1', 10),
(270, 4, 185, '0', '1', 10),
(271, 4, 187, '0', '1', 10),
(272, 4, 189, '0', '1', 10),
(273, 4, 191, '0', '1', 10),
(274, 4, 193, '0', '1', 10),
(275, 4, 195, '0', '1', 10),
(276, 4, 197, '0', '1', 10),
(277, 4, 199, '0', '1', 10),
(278, 4, 201, '0', '1', 10),
(279, 4, 203, '0', '1', 10),
(280, 4, 205, '0', '1', 10),
(281, 4, 207, '0', '1', 10),
(282, 4, 210, '0', '1', 10),
(283, 4, 212, '0', '1', 10),
(284, 4, 214, '0', '1', 10),
(285, 4, 219, '0', '1', 10),
(286, 4, 221, '0', '1', 10),
(287, 4, 223, '0', '1', 10),
(288, 4, 225, '0', '1', 10),
(289, 4, 227, '0', '1', 10),
(290, 4, 229, '0', '1', 10),
(291, 4, 231, '0', '1', 10),
(292, 4, 233, '0', '1', 10),
(293, 4, 235, '0', '1', 10),
(294, 4, 237, '0', '1', 10),
(295, 4, 239, '0', '1', 10),
(296, 4, 241, '0', '1', 10),
(297, 4, 243, '0', '1', 10),
(298, 4, 245, '0', '1', 10),
(299, 4, 247, '0', '1', 10),
(300, 4, 249, '0', '1', 10),
(301, 4, 251, '0', '1', 10),
(302, 4, 253, '0', '1', 10),
(303, 4, 255, '0', '1', 10),
(304, 4, 257, '0', '1', 10),
(305, 4, 259, '0', '1', 10),
(306, 4, 261, '0', '1', 10),
(307, 4, 263, '0', '1', 10),
(308, 4, 265, '0', '1', 10),
(309, 4, 268, '0', '1', 10),
(310, 4, 270, '0', '1', 10),
(311, 4, 272, '0', '1', 10),
(312, 4, 274, '0', '1', 10),
(313, 4, 276, '0', '1', 10),
(314, 4, 278, '0', '1', 10),
(315, 4, 280, '0', '1', 10),
(316, 4, 282, '0', '1', 10),
(317, 4, 284, '0', '1', 10),
(318, 4, 286, '0', '1', 10),
(319, 4, 288, '0', '1', 10),
(320, 4, 290, '0', '1', 10),
(321, 4, 292, '0', '1', 10),
(322, 4, 294, '0', '1', 10),
(323, 4, 296, '0', '1', 10),
(324, 4, 298, '0', '1', 10),
(325, 4, 300, '0', '1', 10),
(326, 4, 302, '0', '1', 10),
(327, 4, 304, '0', '1', 10),
(328, 4, 306, '0', '1', 10),
(329, 4, 308, '0', '1', 10),
(330, 4, 310, '0', '1', 10),
(331, 4, 311, '0', '1', 10),
(332, 4, 313, '0', '1', 10),
(333, 4, 315, '0', '1', 10),
(334, 4, 317, '0', '1', 10),
(335, 4, 319, '0', '1', 10),
(336, 4, 321, '0', '1', 10),
(337, 4, 324, '0', '1', 10),
(338, 4, 325, '0', '1', 10),
(339, 4, 327, '0', '1', 10),
(340, 4, 329, '0', '1', 10),
(341, 4, 331, '0', '1', 10),
(342, 4, 336, '0', '1', 10),
(343, 4, 337, '0', '1', 10),
(344, 4, 342, '0', '1', 10),
(345, 4, 345, '0', '1', 10),
(346, 4, 346, '0', '1', 10),
(347, 4, 348, '0', '1', 10),
(348, 4, 350, '0', '1', 10),
(349, 4, 353, '0', '1', 10),
(350, 4, 372, '1', '1', 10),
(351, 4, 354, '0', '1', 10),
(352, 4, 356, '0', '1', 10),
(353, 4, 358, '0', '1', 10),
(354, 4, 360, '0', '1', 10),
(355, 4, 362, '0', '1', 10),
(356, 4, 364, '0', '1', 10),
(357, 4, 366, '0', '1', 10),
(358, 4, 370, '0', '1', 10),
(359, 5, 4, '0', '1', 10),
(360, 5, 7, '0', '1', 10),
(361, 5, 9, '0', '1', 10),
(362, 5, 11, '0', '1', 10),
(363, 5, 13, '0', '1', 10),
(364, 5, 15, '0', '1', 10),
(365, 5, 17, '0', '1', 10),
(366, 5, 19, '0', '1', 10),
(367, 5, 21, '0', '1', 10),
(368, 5, 22, '0', '1', 10),
(369, 5, 24, '0', '1', 10),
(370, 5, 27, '0', '1', 10),
(371, 5, 29, '0', '1', 10),
(372, 5, 31, '0', '1', 10),
(373, 5, 33, '0', '1', 10),
(374, 5, 35, '0', '1', 10),
(375, 5, 37, '0', '1', 10),
(376, 5, 39, '0', '1', 10),
(377, 5, 41, '0', '1', 10),
(378, 5, 43, '0', '1', 10),
(379, 5, 45, '0', '1', 10),
(380, 5, 47, '0', '1', 10),
(381, 5, 49, '0', '1', 10),
(382, 5, 51, '0', '1', 10),
(383, 5, 53, '0', '1', 10),
(384, 5, 55, '0', '1', 10),
(385, 5, 57, '0', '1', 10),
(386, 5, 59, '0', '1', 10),
(387, 5, 61, '0', '1', 10),
(388, 5, 63, '0', '1', 10),
(389, 5, 65, '0', '1', 10),
(390, 5, 67, '0', '1', 10),
(391, 5, 69, '0', '1', 10),
(392, 5, 71, '0', '1', 10),
(393, 5, 73, '0', '1', 10),
(394, 5, 75, '0', '1', 10),
(395, 5, 77, '0', '1', 10),
(396, 5, 79, '0', '1', 10),
(397, 5, 81, '0', '1', 10),
(398, 5, 83, '0', '1', 10),
(399, 5, 85, '0', '1', 10),
(400, 5, 87, '0', '1', 10),
(401, 5, 89, '0', '1', 10),
(402, 5, 91, '0', '1', 10),
(403, 5, 93, '0', '1', 10),
(404, 5, 95, '0', '1', 10),
(405, 5, 97, '0', '1', 10),
(406, 5, 99, '0', '1', 10),
(407, 5, 101, '0', '1', 10),
(408, 5, 103, '0', '1', 10),
(409, 5, 105, '0', '1', 10),
(410, 5, 107, '0', '1', 10),
(411, 5, 109, '0', '1', 10),
(412, 5, 111, '0', '1', 10),
(413, 5, 113, '0', '1', 10),
(414, 5, 115, '0', '1', 10),
(415, 5, 117, '0', '1', 10),
(416, 5, 119, '0', '1', 10),
(417, 5, 121, '0', '1', 10),
(418, 5, 123, '0', '1', 10),
(419, 5, 125, '0', '1', 10),
(420, 5, 127, '0', '1', 10),
(421, 5, 129, '0', '1', 10),
(422, 5, 131, '0', '1', 10),
(423, 5, 133, '0', '1', 10),
(424, 5, 135, '0', '1', 10),
(425, 5, 137, '0', '1', 10),
(426, 5, 139, '0', '1', 10),
(427, 5, 141, '0', '1', 10),
(428, 5, 143, '0', '1', 10),
(429, 5, 145, '0', '1', 10),
(430, 5, 147, '0', '1', 10),
(431, 5, 149, '0', '1', 10),
(432, 5, 151, '0', '1', 10),
(433, 5, 153, '0', '1', 10),
(434, 5, 155, '0', '1', 10),
(435, 5, 157, '0', '1', 10),
(436, 5, 159, '0', '1', 10),
(437, 5, 161, '0', '1', 10),
(438, 5, 163, '0', '1', 10),
(439, 5, 165, '0', '1', 10),
(440, 5, 167, '0', '1', 10),
(441, 5, 169, '0', '1', 10),
(442, 5, 171, '0', '1', 10),
(443, 5, 173, '0', '1', 10),
(444, 5, 175, '0', '1', 10),
(445, 5, 177, '0', '1', 10),
(446, 5, 179, '0', '1', 10),
(447, 5, 181, '0', '1', 10),
(448, 5, 183, '0', '1', 10),
(449, 5, 185, '0', '1', 10),
(450, 5, 187, '0', '1', 10),
(451, 5, 189, '0', '1', 10),
(452, 5, 191, '0', '1', 10),
(453, 5, 193, '0', '1', 10),
(454, 5, 195, '0', '1', 10),
(455, 5, 197, '0', '1', 10),
(456, 5, 199, '0', '1', 10),
(457, 5, 201, '0', '1', 10),
(458, 5, 203, '0', '1', 10),
(459, 5, 205, '0', '1', 10),
(460, 5, 207, '0', '1', 10),
(461, 5, 210, '0', '1', 10),
(462, 5, 212, '0', '1', 10),
(463, 5, 214, '0', '1', 10),
(464, 5, 219, '0', '1', 10),
(465, 5, 221, '0', '1', 10),
(466, 5, 223, '0', '1', 10),
(467, 5, 225, '0', '1', 10),
(468, 5, 227, '0', '1', 10),
(469, 5, 229, '0', '1', 10),
(470, 5, 231, '0', '1', 10),
(471, 5, 233, '0', '1', 10),
(472, 5, 235, '0', '1', 10),
(473, 5, 237, '0', '1', 10),
(474, 5, 239, '0', '1', 10),
(475, 5, 241, '0', '1', 10),
(476, 5, 243, '0', '1', 10),
(477, 5, 245, '0', '1', 10),
(478, 5, 247, '0', '1', 10),
(479, 5, 249, '0', '1', 10),
(480, 5, 251, '0', '1', 10),
(481, 5, 253, '0', '1', 10),
(482, 5, 255, '0', '1', 10),
(483, 5, 257, '0', '1', 10),
(484, 5, 259, '0', '1', 10),
(485, 5, 261, '0', '1', 10),
(486, 5, 263, '0', '1', 10),
(487, 5, 265, '0', '1', 10),
(488, 5, 268, '0', '1', 10),
(489, 5, 270, '0', '1', 10),
(490, 5, 272, '0', '1', 10),
(491, 5, 274, '0', '1', 10),
(492, 5, 276, '0', '1', 10),
(493, 5, 278, '0', '1', 10),
(494, 5, 280, '0', '1', 10),
(495, 5, 282, '0', '1', 10),
(496, 5, 284, '0', '1', 10),
(497, 5, 286, '0', '1', 10),
(498, 5, 288, '0', '1', 10),
(499, 5, 290, '0', '1', 10),
(500, 5, 292, '0', '1', 10),
(501, 5, 294, '0', '1', 10),
(502, 5, 296, '0', '1', 10),
(503, 5, 298, '0', '1', 10),
(504, 5, 300, '0', '1', 10),
(505, 5, 302, '0', '1', 10),
(506, 5, 304, '0', '1', 10),
(507, 5, 306, '0', '1', 10),
(508, 5, 308, '0', '1', 10),
(509, 5, 310, '0', '1', 10),
(510, 5, 311, '0', '1', 10),
(511, 5, 313, '0', '1', 10),
(512, 5, 315, '0', '1', 10),
(513, 5, 317, '0', '1', 10),
(514, 5, 319, '0', '1', 10),
(515, 5, 321, '0', '1', 10),
(516, 5, 324, '0', '1', 10),
(517, 5, 325, '0', '1', 10),
(518, 5, 327, '0', '1', 10),
(519, 5, 329, '0', '1', 10),
(520, 5, 331, '0', '1', 10),
(521, 5, 336, '0', '1', 10),
(522, 5, 337, '0', '1', 10),
(523, 5, 342, '0', '1', 10),
(524, 5, 345, '0', '1', 10),
(525, 5, 346, '0', '1', 10),
(526, 5, 348, '0', '1', 10),
(527, 5, 350, '0', '1', 10),
(528, 5, 353, '0', '1', 10),
(529, 5, 372, '1', '1', 10),
(530, 5, 354, '0', '1', 10),
(531, 5, 356, '0', '1', 10),
(532, 5, 358, '0', '1', 10),
(533, 5, 360, '0', '1', 10),
(534, 5, 362, '0', '1', 10),
(535, 5, 364, '0', '1', 10),
(536, 5, 366, '0', '1', 10),
(537, 5, 370, '0', '1', 10),
(538, 6, 4, '0', '1', 10),
(539, 6, 7, '0', '1', 10),
(540, 6, 9, '0', '1', 10),
(541, 6, 11, '0', '1', 10),
(542, 6, 13, '0', '1', 10),
(543, 6, 15, '0', '1', 10),
(544, 6, 17, '0', '1', 10),
(545, 6, 18, '0', '1', 10),
(546, 6, 20, '0', '1', 10),
(547, 6, 22, '0', '1', 10),
(548, 6, 24, '0', '1', 10),
(549, 6, 27, '0', '1', 10),
(550, 6, 29, '0', '1', 10),
(551, 6, 31, '0', '1', 10),
(552, 6, 33, '0', '1', 10),
(553, 6, 35, '0', '1', 10),
(554, 6, 37, '0', '1', 10),
(555, 6, 39, '0', '1', 10),
(556, 6, 41, '0', '1', 10),
(557, 6, 43, '0', '1', 10),
(558, 6, 45, '0', '1', 10),
(559, 6, 47, '0', '1', 10),
(560, 6, 49, '0', '1', 10),
(561, 6, 51, '0', '1', 10),
(562, 6, 53, '0', '1', 10),
(563, 6, 55, '0', '1', 10),
(564, 6, 57, '0', '1', 10),
(565, 6, 59, '0', '1', 10),
(566, 6, 61, '0', '1', 10),
(567, 6, 63, '0', '1', 10),
(568, 6, 65, '0', '1', 10),
(569, 6, 67, '0', '1', 10),
(570, 6, 69, '0', '1', 10),
(571, 6, 71, '0', '1', 10),
(572, 6, 73, '0', '1', 10),
(573, 6, 75, '0', '1', 10),
(574, 6, 77, '0', '1', 10),
(575, 6, 79, '0', '1', 10),
(576, 6, 81, '0', '1', 10),
(577, 6, 83, '0', '1', 10),
(578, 6, 85, '0', '1', 10),
(579, 6, 87, '0', '1', 10),
(580, 6, 89, '0', '1', 10),
(581, 6, 91, '0', '1', 10),
(582, 6, 93, '0', '1', 10),
(583, 6, 95, '0', '1', 10),
(584, 6, 97, '0', '1', 10),
(585, 6, 99, '0', '1', 10),
(586, 6, 101, '0', '1', 10),
(587, 6, 103, '0', '1', 10),
(588, 6, 105, '0', '1', 10),
(589, 6, 107, '0', '1', 10),
(590, 6, 109, '0', '1', 10),
(591, 6, 111, '0', '1', 10),
(592, 6, 113, '0', '1', 10),
(593, 6, 115, '0', '1', 10),
(594, 6, 117, '0', '1', 10),
(595, 6, 119, '0', '1', 10),
(596, 6, 121, '0', '1', 10),
(597, 6, 123, '0', '1', 10),
(598, 6, 125, '0', '1', 10),
(599, 6, 127, '0', '1', 10),
(600, 6, 129, '0', '1', 10),
(601, 6, 131, '0', '1', 10),
(602, 6, 133, '0', '1', 10),
(603, 6, 135, '0', '1', 10),
(604, 6, 137, '0', '1', 10),
(605, 6, 139, '0', '1', 10),
(606, 6, 141, '0', '1', 10),
(607, 6, 143, '0', '1', 10),
(608, 6, 145, '0', '1', 10),
(609, 6, 147, '0', '1', 10),
(610, 6, 149, '0', '1', 10),
(611, 6, 151, '0', '1', 10),
(612, 6, 153, '0', '1', 10),
(613, 6, 155, '0', '1', 10),
(614, 6, 157, '0', '1', 10),
(615, 6, 159, '0', '1', 10),
(616, 6, 161, '0', '1', 10),
(617, 6, 163, '0', '1', 10),
(618, 6, 165, '0', '1', 10),
(619, 6, 167, '0', '1', 10),
(620, 6, 169, '0', '1', 10),
(621, 6, 171, '0', '1', 10),
(622, 6, 173, '0', '1', 10),
(623, 6, 175, '0', '1', 10),
(624, 6, 177, '0', '1', 10),
(625, 6, 179, '0', '1', 10),
(626, 6, 181, '0', '1', 10),
(627, 6, 183, '0', '1', 10),
(628, 6, 185, '0', '1', 10),
(629, 6, 187, '0', '1', 10),
(630, 6, 189, '0', '1', 10),
(631, 6, 191, '0', '1', 10),
(632, 6, 193, '0', '1', 10),
(633, 6, 195, '0', '1', 10),
(634, 6, 197, '0', '1', 10),
(635, 6, 199, '0', '1', 10),
(636, 6, 201, '0', '1', 10),
(637, 6, 203, '0', '1', 10),
(638, 6, 205, '0', '1', 10),
(639, 6, 207, '0', '1', 10),
(640, 6, 210, '0', '1', 10),
(641, 6, 212, '0', '1', 10),
(642, 6, 214, '0', '1', 10),
(643, 6, 219, '0', '1', 10),
(644, 6, 221, '0', '1', 10),
(645, 6, 223, '0', '1', 10),
(646, 6, 225, '0', '1', 10),
(647, 6, 227, '0', '1', 10),
(648, 6, 229, '0', '1', 10),
(649, 6, 231, '0', '1', 10),
(650, 6, 233, '0', '1', 10),
(651, 6, 235, '0', '1', 10),
(652, 6, 237, '0', '1', 10),
(653, 6, 239, '0', '1', 10),
(654, 6, 241, '0', '1', 10),
(655, 6, 243, '0', '1', 10),
(656, 6, 245, '0', '1', 10),
(657, 6, 247, '0', '1', 10),
(658, 6, 249, '0', '1', 10),
(659, 6, 251, '0', '1', 10),
(660, 6, 253, '0', '1', 10),
(661, 6, 255, '0', '1', 10),
(662, 6, 257, '0', '1', 10),
(663, 6, 259, '0', '1', 10),
(664, 6, 261, '0', '1', 10),
(665, 6, 263, '0', '1', 10),
(666, 6, 265, '0', '1', 10),
(667, 6, 268, '0', '1', 10),
(668, 6, 270, '0', '1', 10),
(669, 6, 272, '0', '1', 10),
(670, 6, 274, '0', '1', 10),
(671, 6, 276, '0', '1', 10),
(672, 6, 278, '0', '1', 10),
(673, 6, 280, '0', '1', 10),
(674, 6, 282, '0', '1', 10),
(675, 6, 284, '0', '1', 10),
(676, 6, 286, '0', '1', 10),
(677, 6, 288, '0', '1', 10),
(678, 6, 290, '0', '1', 10),
(679, 6, 292, '0', '1', 10),
(680, 6, 294, '0', '1', 10),
(681, 6, 296, '0', '1', 10),
(682, 6, 298, '0', '1', 10),
(683, 6, 300, '0', '1', 10),
(684, 6, 302, '0', '1', 10),
(685, 6, 304, '0', '1', 10),
(686, 6, 306, '0', '1', 10),
(687, 6, 308, '0', '1', 10),
(688, 6, 310, '0', '1', 10),
(689, 6, 311, '0', '1', 10),
(690, 6, 313, '0', '1', 10),
(691, 6, 315, '0', '1', 10),
(692, 6, 317, '0', '1', 10),
(693, 6, 319, '0', '1', 10),
(694, 6, 321, '0', '1', 10),
(695, 6, 324, '0', '1', 10),
(696, 6, 325, '0', '1', 10),
(697, 6, 327, '0', '1', 10),
(698, 6, 329, '0', '1', 10),
(699, 6, 331, '0', '1', 10),
(700, 6, 336, '0', '1', 10),
(701, 6, 337, '0', '1', 10),
(702, 6, 342, '0', '1', 10),
(703, 6, 345, '0', '1', 10),
(704, 6, 346, '0', '1', 10),
(705, 6, 348, '0', '1', 10),
(706, 6, 350, '0', '1', 10),
(707, 6, 353, '0', '1', 10),
(708, 6, 372, '1', '1', 10),
(709, 6, 354, '0', '1', 10),
(710, 6, 356, '0', '1', 10),
(711, 6, 358, '0', '1', 10),
(712, 6, 360, '0', '1', 10),
(713, 6, 362, '0', '1', 10),
(714, 6, 364, '0', '1', 10),
(715, 6, 366, '0', '1', 10),
(716, 6, 370, '0', '1', 10);

-- --------------------------------------------------------

--
-- Table structure for table `sub_wawancara`
--

CREATE TABLE `sub_wawancara` (
  `id` int NOT NULL,
  `id_alternatif` int NOT NULL,
  `kerjasama_tim` int NOT NULL,
  `kemampuan_lurah` int NOT NULL,
  `kemampuan_problem_solving` int NOT NULL
) ENGINE=InnoDB DEFAULT CHARSET=utf8mb4 COLLATE=utf8mb4_0900_ai_ci;

--
-- Dumping data for table `sub_wawancara`
--

INSERT INTO `sub_wawancara` (`id`, `id_alternatif`, `kerjasama_tim`, `kemampuan_lurah`, `kemampuan_problem_solving`) VALUES
(2, 4, 74, 75, 76),
(3, 5, 83, 83, 84),
(4, 6, 100, 100, 100),
(5, 3, 74, 75, 76);

-- --------------------------------------------------------

--
-- Table structure for table `users`
--

CREATE TABLE `users` (
  `id` int NOT NULL,
  `id_kelurahan` varchar(50) DEFAULT NULL,
  `username` varchar(100) NOT NULL,
  `password` varchar(100) NOT NULL,
  `role` enum('kelurahan','admin','pimpinan','penilai') NOT NULL
) ENGINE=InnoDB DEFAULT CHARSET=utf8mb4 COLLATE=utf8mb4_0900_ai_ci;

--
-- Dumping data for table `users`
--

INSERT INTO `users` (`id`, `id_kelurahan`, `username`, `password`, `role`) VALUES
(6, NULL, 'admin', '$2y$10$TQzDUHzdQQdGJWJC.hs5puSi87AVVlDm.j5ni9oFLp3JQiq2epmqy', 'admin'),
(9, NULL, 'pimpinan', '$2y$10$TXu/uroNhiOBkuqYYdF4s.NswA0JcyJPTC41KZkbPTbJFM/9ISfUa', 'pimpinan'),
(10, NULL, 'penilai1', '$2y$10$EW5heQ1x3.neRuFxo05fUeGkOmh9ExoTGHC44TxVm5s/7ZM3d4AnG', 'penilai'),
(11, NULL, 'penilai2', '$2y$10$PGFwQ6OzGCRtdR6RSw4hc.HouLw1ZX/s.knRTEZO1nrk5g0.jFlkq', 'penilai'),
(15, 'a', 'kelurahana', '$2y$10$ejlKnyQPgj/f7ugbXk2EcOXUZIodhOu0dlLq59uR59/SnBuvIrhke', 'kelurahan'),
(16, 'b', 'kelurahanb', '$2y$10$BfTRX6D3xPdzAx5qMtO/8eQK3E/ilNYrVuLbWwFOZVRJYVTvprVDi', 'kelurahan'),
(17, 'c', 'kelurahanc', '$2y$10$5IbywhPKjfw3ySpozq2r7ud/Sn9eFCvBf57e2aK.5PsbzS7MvMrzi', 'kelurahan'),
(18, 'd', 'kelurahand', '$2y$10$4Tc.a/CQ.lshCkG2MwOS/.Ro/scm2XhTIrq6UJkHb6GhlxZf78Si6', 'kelurahan'),
(19, 'e', 'kelurahane', '$2y$10$ebPlr1GULdfEPTJT/ito1.SNYapMJDJ3Im1vj.PT3MuTAkGI3E63m', 'kelurahan');

--
-- Indexes for dumped tables
--

--
-- Indexes for table `administrasi`
--
ALTER TABLE `administrasi`
  ADD PRIMARY KEY (`id_administrasi`),
  ADD KEY `id_kelurahan` (`id_kelurahan`),
  ADD KEY `id_periode` (`id_periode`),
  ADD KEY `id_nilai_sub_indikator` (`id_nilai_sub_indikator`);

--
-- Indexes for table `alternatif`
--
ALTER TABLE `alternatif`
  ADD PRIMARY KEY (`id`),
  ADD KEY `id_periode` (`id_periode`),
  ADD KEY `id_kelurahan` (`id_kelurahan`);

--
-- Indexes for table `assesment`
--
ALTER TABLE `assesment`
  ADD PRIMARY KEY (`id`),
  ADD KEY `FK_assestment_id_user` (`id_user`);

--
-- Indexes for table `bidang`
--
ALTER TABLE `bidang`
  ADD PRIMARY KEY (`id`);

--
-- Indexes for table `detail_assesment`
--
ALTER TABLE `detail_assesment`
  ADD PRIMARY KEY (`id`),
  ADD KEY `FK_detail_assesment_id_assesment` (`id_assesment`),
  ADD KEY `FK_detail_assesment_id_sub_indikator` (`id_sub_indikator`);

--
-- Indexes for table `hasil`
--
ALTER TABLE `hasil`
  ADD PRIMARY KEY (`id`),
  ADD KEY `id_alternatif` (`id_alternatif`);

--
-- Indexes for table `indikator`
--
ALTER TABLE `indikator`
  ADD PRIMARY KEY (`id`),
  ADD KEY `FK_indikator_id_bidang` (`id_bidang`);

--
-- Indexes for table `kelurahan`
--
ALTER TABLE `kelurahan`
  ADD PRIMARY KEY (`id`);

--
-- Indexes for table `kelurahan_periode`
--
ALTER TABLE `kelurahan_periode`
  ADD PRIMARY KEY (`id_kelurahan`,`id_periode`),
  ADD KEY `id_periode` (`id_periode`);

--
-- Indexes for table `kriteria`
--
ALTER TABLE `kriteria`
  ADD PRIMARY KEY (`id`) USING BTREE;

--
-- Indexes for table `nilai_sub_indikator`
--
ALTER TABLE `nilai_sub_indikator`
  ADD PRIMARY KEY (`id`),
  ADD KEY `id_sub_indikator` (`id_sub_indikator`);

--
-- Indexes for table `penilaian`
--
ALTER TABLE `penilaian`
  ADD PRIMARY KEY (`id`),
  ADD KEY `id_alternatif` (`id_alternatif`),
  ADD KEY `id_kriteria` (`id_kriteria`);

--
-- Indexes for table `periode`
--
ALTER TABLE `periode`
  ADD PRIMARY KEY (`id`);

--
-- Indexes for table `sub_indikator`
--
ALTER TABLE `sub_indikator`
  ADD PRIMARY KEY (`id`),
  ADD KEY `FK_sub_indikator_id_indikator` (`id_indikator`);

--
-- Indexes for table `sub_presentasi`
--
ALTER TABLE `sub_presentasi`
  ADD PRIMARY KEY (`id`),
  ADD KEY `FK_sub_presentasi_id_alternatif` (`id_alternatif`);

--
-- Indexes for table `sub_verifikasi_lapangan`
--
ALTER TABLE `sub_verifikasi_lapangan`
  ADD PRIMARY KEY (`id`),
  ADD KEY `id_alternatif` (`id_alternatif`),
  ADD KEY `id_nilai_sub_indikator` (`id_nilai_sub_indikator`),
  ADD KEY `verifikasi_oleh` (`verifikasi_oleh`);

--
-- Indexes for table `sub_wawancara`
--
ALTER TABLE `sub_wawancara`
  ADD PRIMARY KEY (`id`),
  ADD KEY `FK_sub_wawancara_id_alternatif` (`id_alternatif`);

--
-- Indexes for table `users`
--
ALTER TABLE `users`
  ADD PRIMARY KEY (`id`),
  ADD KEY `FK_users_id_kelurahan` (`id_kelurahan`);

--
-- AUTO_INCREMENT for dumped tables
--

--
-- AUTO_INCREMENT for table `administrasi`
--
ALTER TABLE `administrasi`
  MODIFY `id_administrasi` int NOT NULL AUTO_INCREMENT, AUTO_INCREMENT=5787;

--
-- AUTO_INCREMENT for table `alternatif`
--
ALTER TABLE `alternatif`
  MODIFY `id` int NOT NULL AUTO_INCREMENT, AUTO_INCREMENT=7;

--
-- AUTO_INCREMENT for table `bidang`
--
ALTER TABLE `bidang`
  MODIFY `id` int NOT NULL AUTO_INCREMENT, AUTO_INCREMENT=4;

--
-- AUTO_INCREMENT for table `hasil`
--
ALTER TABLE `hasil`
  MODIFY `id` int NOT NULL AUTO_INCREMENT, AUTO_INCREMENT=433;

--
-- AUTO_INCREMENT for table `indikator`
--
ALTER TABLE `indikator`
  MODIFY `id` int NOT NULL AUTO_INCREMENT, AUTO_INCREMENT=66;

--
-- AUTO_INCREMENT for table `kriteria`
--
ALTER TABLE `kriteria`
  MODIFY `id` int NOT NULL AUTO_INCREMENT, AUTO_INCREMENT=4;

--
-- AUTO_INCREMENT for table `nilai_sub_indikator`
--
ALTER TABLE `nilai_sub_indikator`
  MODIFY `id` int NOT NULL AUTO_INCREMENT, AUTO_INCREMENT=375;

--
-- AUTO_INCREMENT for table `penilaian`
--
ALTER TABLE `penilaian`
  MODIFY `id` int NOT NULL AUTO_INCREMENT, AUTO_INCREMENT=2369;

--
-- AUTO_INCREMENT for table `periode`
--
ALTER TABLE `periode`
  MODIFY `id` int NOT NULL AUTO_INCREMENT, AUTO_INCREMENT=8;

--
-- AUTO_INCREMENT for table `sub_indikator`
--
ALTER TABLE `sub_indikator`
  MODIFY `id` int NOT NULL AUTO_INCREMENT, AUTO_INCREMENT=185;

--
-- AUTO_INCREMENT for table `sub_presentasi`
--
ALTER TABLE `sub_presentasi`
  MODIFY `id` int NOT NULL AUTO_INCREMENT, AUTO_INCREMENT=7;

--
-- AUTO_INCREMENT for table `sub_verifikasi_lapangan`
--
ALTER TABLE `sub_verifikasi_lapangan`
  MODIFY `id` int NOT NULL AUTO_INCREMENT, AUTO_INCREMENT=717;

--
-- AUTO_INCREMENT for table `sub_wawancara`
--
ALTER TABLE `sub_wawancara`
  MODIFY `id` int NOT NULL AUTO_INCREMENT, AUTO_INCREMENT=6;

--
-- AUTO_INCREMENT for table `users`
--
ALTER TABLE `users`
  MODIFY `id` int NOT NULL AUTO_INCREMENT, AUTO_INCREMENT=20;

--
-- Constraints for dumped tables
--

--
-- Constraints for table `administrasi`
--
ALTER TABLE `administrasi`
  ADD CONSTRAINT `administrasi_ibfk_1` FOREIGN KEY (`id_kelurahan`) REFERENCES `kelurahan` (`id`) ON DELETE CASCADE ON UPDATE CASCADE,
  ADD CONSTRAINT `administrasi_ibfk_2` FOREIGN KEY (`id_periode`) REFERENCES `periode` (`id`) ON DELETE CASCADE ON UPDATE CASCADE,
  ADD CONSTRAINT `administrasi_ibfk_3` FOREIGN KEY (`id_nilai_sub_indikator`) REFERENCES `nilai_sub_indikator` (`id`) ON DELETE CASCADE ON UPDATE CASCADE;

--
-- Constraints for table `alternatif`
--
ALTER TABLE `alternatif`
  ADD CONSTRAINT `alternatif_ibfk_1` FOREIGN KEY (`id_periode`) REFERENCES `periode` (`id`) ON DELETE CASCADE ON UPDATE CASCADE,
  ADD CONSTRAINT `alternatif_ibfk_2` FOREIGN KEY (`id_kelurahan`) REFERENCES `kelurahan` (`id`) ON DELETE CASCADE ON UPDATE CASCADE;

--
-- Constraints for table `assesment`
--
ALTER TABLE `assesment`
  ADD CONSTRAINT `FK_assestment_id_user` FOREIGN KEY (`id_user`) REFERENCES `users` (`id`) ON DELETE RESTRICT ON UPDATE RESTRICT;

--
-- Constraints for table `detail_assesment`
--
ALTER TABLE `detail_assesment`
  ADD CONSTRAINT `FK_detail_assesment_id_assesment` FOREIGN KEY (`id_assesment`) REFERENCES `assesment` (`id`) ON DELETE RESTRICT ON UPDATE RESTRICT,
  ADD CONSTRAINT `FK_detail_assesment_id_sub_indikator` FOREIGN KEY (`id_sub_indikator`) REFERENCES `sub_indikator` (`id`) ON DELETE RESTRICT ON UPDATE RESTRICT;

--
-- Constraints for table `hasil`
--
ALTER TABLE `hasil`
  ADD CONSTRAINT `hasil_ibfk_1` FOREIGN KEY (`id_alternatif`) REFERENCES `alternatif` (`id`) ON DELETE CASCADE ON UPDATE CASCADE;

--
-- Constraints for table `indikator`
--
ALTER TABLE `indikator`
  ADD CONSTRAINT `FK_indikator_id_bidang` FOREIGN KEY (`id_bidang`) REFERENCES `bidang` (`id`) ON DELETE RESTRICT ON UPDATE RESTRICT;

--
-- Constraints for table `kelurahan_periode`
--
ALTER TABLE `kelurahan_periode`
  ADD CONSTRAINT `kelurahan_periode_ibfk_1` FOREIGN KEY (`id_kelurahan`) REFERENCES `kelurahan` (`id`) ON DELETE CASCADE ON UPDATE CASCADE,
  ADD CONSTRAINT `kelurahan_periode_ibfk_2` FOREIGN KEY (`id_periode`) REFERENCES `periode` (`id`) ON DELETE CASCADE ON UPDATE CASCADE;

--
-- Constraints for table `nilai_sub_indikator`
--
ALTER TABLE `nilai_sub_indikator`
  ADD CONSTRAINT `nilai_sub_indikator_ibfk_1` FOREIGN KEY (`id_sub_indikator`) REFERENCES `sub_indikator` (`id`) ON DELETE CASCADE ON UPDATE CASCADE;

--
-- Constraints for table `penilaian`
--
ALTER TABLE `penilaian`
  ADD CONSTRAINT `penilaian_ibfk_1` FOREIGN KEY (`id_alternatif`) REFERENCES `alternatif` (`id`) ON DELETE CASCADE ON UPDATE CASCADE,
  ADD CONSTRAINT `penilaian_ibfk_2` FOREIGN KEY (`id_kriteria`) REFERENCES `kriteria` (`id`) ON DELETE CASCADE ON UPDATE CASCADE;

--
-- Constraints for table `sub_indikator`
--
ALTER TABLE `sub_indikator`
  ADD CONSTRAINT `FK_sub_indikator_id_indikator` FOREIGN KEY (`id_indikator`) REFERENCES `indikator` (`id`) ON DELETE RESTRICT ON UPDATE RESTRICT;

--
-- Constraints for table `sub_verifikasi_lapangan`
--
ALTER TABLE `sub_verifikasi_lapangan`
  ADD CONSTRAINT `sub_verifikasi_lapangan_ibfk_1` FOREIGN KEY (`id_alternatif`) REFERENCES `alternatif` (`id`) ON DELETE CASCADE ON UPDATE CASCADE,
  ADD CONSTRAINT `sub_verifikasi_lapangan_ibfk_2` FOREIGN KEY (`id_nilai_sub_indikator`) REFERENCES `nilai_sub_indikator` (`id`) ON DELETE CASCADE ON UPDATE CASCADE,
  ADD CONSTRAINT `sub_verifikasi_lapangan_ibfk_3` FOREIGN KEY (`verifikasi_oleh`) REFERENCES `users` (`id`) ON DELETE CASCADE ON UPDATE CASCADE;

--
-- Constraints for table `users`
--
ALTER TABLE `users`
  ADD CONSTRAINT `FK_users_id_kelurahan` FOREIGN KEY (`id_kelurahan`) REFERENCES `kelurahan` (`id`) ON DELETE SET NULL ON UPDATE CASCADE;
COMMIT;

/*!40101 SET CHARACTER_SET_CLIENT=@OLD_CHARACTER_SET_CLIENT */;
/*!40101 SET CHARACTER_SET_RESULTS=@OLD_CHARACTER_SET_RESULTS */;
/*!40101 SET COLLATION_CONNECTION=@OLD_COLLATION_CONNECTION */;
